AuditID,BusinessSegment,AuditDate,Product,RiskScore,OperatingEffectiveness,AuditResult,RiskRating
1,Wealth Management,2023-01-01 00:00:00,Investment,18.513292883861965,63.0852841867953,Pass,Medium Risk
2,Investment Banking,2023-01-01 01:00:00,Insurance,54.190094737835814,62.348939953599995,Fail,Medium Risk
3,Retail,2023-01-01 02:00:00,Loan,87.29458358764083,95.31272902605184,Pass,Low Risk
4,Wealth Management,2023-01-01 03:00:00,Loan,73.22248864095612,62.477309992475305,Pass,Medium Risk
5,Wealth Management,2023-01-01 04:00:00,Loan,80.65611478614497,63.59748630643155,Pass,Medium Risk
6,Investment Banking,2023-01-01 05:00:00,Loan,65.87833667107174,87.96991312089818,Fail,Low Risk
7,Retail,2023-01-01 06:00:00,Mortgage,69.22765645178525,72.486992122527,Fail,Medium Risk
8,Retail,2023-01-01 07:00:00,Loan,84.91956515653193,88.83552784775907,Pass,Low Risk
9,Wealth Management,2023-01-01 08:00:00,Mortgage,24.966800885918595,53.26830787821926,Pass,High Risk
10,Corporate,2023-01-01 09:00:00,Mortgage,48.942496364314046,74.37855968366921,Pass,Medium Risk
11,Wealth Management,2023-01-01 10:00:00,Loan,22.120944181960223,51.680680009164135,Pass,High Risk
12,Wealth Management,2023-01-01 11:00:00,Loan,98.7668007996647,53.13266017276773,Pass,High Risk
13,Wealth Management,2023-01-01 12:00:00,Investment,94.40593396866133,95.32187266722055,Pass,Low Risk
14,Wealth Management,2023-01-01 13:00:00,Insurance,3.94268113685059,56.96226855587976,Pass,High Risk
15,Investment Banking,2023-01-01 14:00:00,Loan,70.55751725156884,76.62103411376086,Pass,Medium Risk
16,Retail,2023-01-01 15:00:00,Investment,92.52483174156659,70.55478013003533,Pass,Medium Risk
17,Investment Banking,2023-01-01 16:00:00,Investment,18.057534512733355,67.36716631294213,Pass,Medium Risk
18,Investment Banking,2023-01-01 17:00:00,Insurance,56.79452305526295,94.99166728436361,Pass,Low Risk
19,Investment Banking,2023-01-01 18:00:00,Mortgage,91.54882975880419,51.091169838774476,Pass,High Risk
20,Wealth Management,2023-01-01 19:00:00,Loan,3.394597858579884,83.18948430877946,Fail,Low Risk
21,Corporate,2023-01-01 20:00:00,Insurance,69.742026724684,98.16972171067752,Pass,Low Risk
22,Retail,2023-01-01 21:00:00,Loan,29.734900737255078,78.0084091730921,Pass,Medium Risk
23,Corporate,2023-01-01 22:00:00,Investment,92.43961953765304,96.84112310165459,Pass,Low Risk
24,Investment Banking,2023-01-01 23:00:00,Investment,97.10582451653677,52.612893964301186,Pass,High Risk
25,Investment Banking,2023-01-02 00:00:00,Mortgage,94.42664891134339,70.93966595370807,Pass,Medium Risk
26,Corporate,2023-01-02 01:00:00,Investment,47.42142166574638,63.007889548102554,Pass,Medium Risk
27,Corporate,2023-01-02 02:00:00,Investment,86.20426509893134,86.54104824903649,Fail,Low Risk
28,Corporate,2023-01-02 03:00:00,Insurance,84.45493985350704,99.06485452486234,Pass,Low Risk
29,Investment Banking,2023-01-02 04:00:00,Loan,31.910047324325564,62.82650312221239,Pass,Medium Risk
30,Investment Banking,2023-01-02 05:00:00,Loan,82.89154741506773,82.70873007370372,Pass,Low Risk
31,Retail,2023-01-02 06:00:00,Insurance,3.700763471549262,59.904881637987,Pass,High Risk
32,Retail,2023-01-02 07:00:00,Mortgage,59.6269878482053,78.2665127285805,Pass,Medium Risk
33,Investment Banking,2023-01-02 08:00:00,Loan,23.000883728770305,73.19662433441681,Fail,Medium Risk
34,Corporate,2023-01-02 09:00:00,Investment,12.056688577727881,98.60026648157685,Pass,Low Risk
35,Corporate,2023-01-02 10:00:00,Loan,7.695320162920916,80.42636363482333,Pass,Low Risk
36,Retail,2023-01-02 11:00:00,Investment,69.62887758781397,67.47531860434094,Pass,Medium Risk
37,Investment Banking,2023-01-02 12:00:00,Mortgage,33.98749637680661,55.704789244396665,Pass,High Risk
38,Retail,2023-01-02 13:00:00,Insurance,72.47667715287615,57.56234143674673,Fail,High Risk
39,Retail,2023-01-02 14:00:00,Loan,6.535634079894237,61.26584649756175,Pass,Medium Risk
40,Wealth Management,2023-01-02 15:00:00,Insurance,31.529033783061035,62.5483330670149,Pass,Medium Risk
41,Wealth Management,2023-01-02 16:00:00,Loan,53.949129237533725,92.5308028920569,Pass,Low Risk
42,Wealth Management,2023-01-02 17:00:00,Investment,79.07231648389636,78.06113941412625,Fail,Medium Risk
43,Corporate,2023-01-02 18:00:00,Insurance,31.875250293206992,76.16954556871832,Pass,Medium Risk
44,Investment Banking,2023-01-02 19:00:00,Loan,62.58913764370091,55.73844359346087,Pass,High Risk
45,Investment Banking,2023-01-02 20:00:00,Investment,88.5977748236187,93.00698466747176,Pass,Low Risk
46,Investment Banking,2023-01-02 21:00:00,Insurance,61.58631881823046,86.14071516042418,Pass,Low Risk
47,Investment Banking,2023-01-02 22:00:00,Insurance,23.295947475363377,53.38341809500008,Pass,High Risk
48,Wealth Management,2023-01-02 23:00:00,Loan,2.440078155653802,85.39175486148844,Pass,Low Risk
49,Corporate,2023-01-03 00:00:00,Loan,87.00988739009298,77.1769108671323,Pass,Medium Risk
50,Corporate,2023-01-03 01:00:00,Loan,2.126941085038714,54.08626728733891,Pass,High Risk
51,Wealth Management,2023-01-03 02:00:00,Investment,87.47016726841994,72.91503207643282,Pass,Medium Risk
52,Corporate,2023-01-03 03:00:00,Loan,52.8937134027212,74.23481435650234,Pass,Medium Risk
53,Wealth Management,2023-01-03 04:00:00,Insurance,93.90676985128962,58.28872700816379,Pass,High Risk
54,Investment Banking,2023-01-03 05:00:00,Insurance,79.87832357736654,97.28490735001412,Pass,Low Risk
55,Wealth Management,2023-01-03 06:00:00,Loan,99.79341105333374,92.4987685740331,Pass,Low Risk
56,Investment Banking,2023-01-03 07:00:00,Loan,35.071181545171015,83.45111686645541,Fail,Low Risk
57,Investment Banking,2023-01-03 08:00:00,Mortgage,76.71882889311269,73.11477805003037,Pass,Medium Risk
58,Retail,2023-01-03 09:00:00,Insurance,40.193091360924214,70.58827707922542,Pass,Medium Risk
59,Wealth Management,2023-01-03 10:00:00,Investment,47.98756203039088,82.5486733575477,Pass,Low Risk
60,Retail,2023-01-03 11:00:00,Mortgage,62.75054632183701,77.27159347034527,Fail,Medium Risk
61,Wealth Management,2023-01-03 12:00:00,Loan,87.36771141863387,53.11365529409428,Pass,High Risk
62,Wealth Management,2023-01-03 13:00:00,Loan,98.40834691992951,75.62513243851659,Pass,Medium Risk
63,Retail,2023-01-03 14:00:00,Insurance,76.82734138645182,90.32018086164197,Pass,Low Risk
64,Retail,2023-01-03 15:00:00,Loan,41.77667821673337,72.96199387984791,Pass,Medium Risk
65,Wealth Management,2023-01-03 16:00:00,Investment,42.13570022770702,52.59782887771342,Pass,High Risk
66,Corporate,2023-01-03 17:00:00,Insurance,73.75823015888915,89.31390996920166,Pass,Low Risk
67,Investment Banking,2023-01-03 18:00:00,Loan,23.877714576830233,60.06818910679872,Pass,Medium Risk
68,Retail,2023-01-03 19:00:00,Insurance,11.047411313139467,62.93104174440194,Fail,Medium Risk
69,Investment Banking,2023-01-03 20:00:00,Loan,35.462215764077655,58.235317671614794,Pass,High Risk
70,Corporate,2023-01-03 21:00:00,Loan,28.723899165408174,66.51075324357488,Pass,Medium Risk
71,Corporate,2023-01-03 22:00:00,Loan,29.630812045599008,87.83757528443175,Pass,Low Risk
72,Corporate,2023-01-03 23:00:00,Investment,23.360775104990992,75.96929297519686,Pass,Medium Risk
73,Retail,2023-01-04 00:00:00,Investment,4.209318963636188,60.24406370753563,Pass,Medium Risk
74,Corporate,2023-01-04 01:00:00,Insurance,1.787393473341381,93.89150390760204,Pass,Low Risk
75,Retail,2023-01-04 02:00:00,Loan,98.77223897360315,93.97909274757646,Pass,Low Risk
76,Corporate,2023-01-04 03:00:00,Loan,42.77731337358623,93.52892125230034,Fail,Low Risk
77,Investment Banking,2023-01-04 04:00:00,Investment,38.432664715968166,61.93981056907697,Fail,Medium Risk
78,Investment Banking,2023-01-04 05:00:00,Loan,67.96472826930699,72.56196720904941,Pass,Medium Risk
79,Wealth Management,2023-01-04 06:00:00,Investment,21.825388786506416,99.24948280704376,Pass,Low Risk
80,Investment Banking,2023-01-04 07:00:00,Loan,94.99611839502253,88.60062381549952,Fail,Low Risk
81,Wealth Management,2023-01-04 08:00:00,Insurance,78.6345014415552,51.35837106127799,Pass,High Risk
82,Investment Banking,2023-01-04 09:00:00,Loan,8.94110023122595,53.2602295630246,Fail,High Risk
83,Retail,2023-01-04 10:00:00,Loan,41.75807757849284,73.19656884061664,Pass,Medium Risk
84,Investment Banking,2023-01-04 11:00:00,Mortgage,87.91183075621647,95.461010293078,Pass,Low Risk
85,Wealth Management,2023-01-04 12:00:00,Investment,94.47320222914102,76.93508989763572,Pass,Medium Risk
86,Wealth Management,2023-01-04 13:00:00,Loan,46.74015112498697,74.89062540171452,Pass,Medium Risk
87,Corporate,2023-01-04 14:00:00,Loan,61.34113892107077,55.27368499783153,Pass,High Risk
88,Retail,2023-01-04 15:00:00,Mortgage,16.70339460920752,82.8390052362147,Pass,Low Risk
89,Investment Banking,2023-01-04 16:00:00,Mortgage,99.11686261369765,91.10515803001127,Pass,Low Risk
90,Corporate,2023-01-04 17:00:00,Investment,23.16717013834434,69.02100037537812,Pass,Medium Risk
91,Investment Banking,2023-01-04 18:00:00,Mortgage,94.27317741351257,88.78059254626638,Pass,Low Risk
92,Investment Banking,2023-01-04 19:00:00,Insurance,64.96466489923685,98.22383269504058,Fail,Low Risk
93,Corporate,2023-01-04 20:00:00,Mortgage,60.773679487885914,60.188322956384454,Pass,Medium Risk
94,Corporate,2023-01-04 21:00:00,Insurance,51.26885110165086,76.16648155973706,Fail,Medium Risk
95,Corporate,2023-01-04 22:00:00,Investment,23.06698117177587,64.35689790422877,Pass,Medium Risk
96,Corporate,2023-01-04 23:00:00,Investment,17.652803200550828,89.64272095169197,Pass,Low Risk
97,Corporate,2023-01-05 00:00:00,Investment,22.048620907017536,78.87966829405788,Fail,Medium Risk
98,Investment Banking,2023-01-05 01:00:00,Investment,18.643826214425452,81.72912087751519,Pass,Low Risk
99,Corporate,2023-01-05 02:00:00,Investment,77.95844735667534,89.8957079807947,Pass,Low Risk
100,Retail,2023-01-05 03:00:00,Insurance,35.01252591667301,69.79852363312274,Pass,Medium Risk
101,Wealth Management,2023-01-05 04:00:00,Insurance,5.784267656339637,95.75450342035217,Pass,Low Risk
102,Corporate,2023-01-05 05:00:00,Investment,96.91026301408114,76.65144336230699,Pass,Medium Risk
103,Corporate,2023-01-05 06:00:00,Mortgage,88.37858849634257,57.8977411417674,Fail,High Risk
104,Investment Banking,2023-01-05 07:00:00,Loan,92.77522831952129,84.79495590844013,Pass,Low Risk
105,Corporate,2023-01-05 08:00:00,Investment,99.49078226464353,89.66306752191272,Pass,Low Risk
106,Corporate,2023-01-05 09:00:00,Mortgage,17.38952492194873,65.83808385337633,Pass,Medium Risk
107,Corporate,2023-01-05 10:00:00,Loan,39.62420189026587,92.85896284993765,Pass,Low Risk
108,Investment Banking,2023-01-05 11:00:00,Investment,75.82384757040913,95.30716273828833,Pass,Low Risk
109,Corporate,2023-01-05 12:00:00,Investment,69.60206180537922,63.84522436889045,Pass,Medium Risk
110,Wealth Management,2023-01-05 13:00:00,Insurance,15.389590633985506,99.1760736357611,Pass,Low Risk
111,Investment Banking,2023-01-05 14:00:00,Loan,81.58331249906178,57.03557640243792,Pass,High Risk
112,Wealth Management,2023-01-05 15:00:00,Loan,22.444057183666068,60.1007834201245,Pass,Medium Risk
113,Investment Banking,2023-01-05 16:00:00,Mortgage,22.38176148226231,59.21124196190131,Pass,High Risk
114,Corporate,2023-01-05 17:00:00,Insurance,53.69744228934136,94.69948550039352,Pass,Low Risk
115,Wealth Management,2023-01-05 18:00:00,Insurance,59.293993484170315,82.7146276162481,Pass,Low Risk
116,Investment Banking,2023-01-05 19:00:00,Insurance,58.00862078378112,57.60521416111364,Fail,High Risk
117,Retail,2023-01-05 20:00:00,Insurance,9.148683739775487,72.01617091841744,Pass,Medium Risk
118,Corporate,2023-01-05 21:00:00,Loan,87.74608626303804,80.76490125349011,Pass,Low Risk
119,Investment Banking,2023-01-05 22:00:00,Loan,26.560004258870606,54.173204249469165,Pass,High Risk
120,Retail,2023-01-05 23:00:00,Investment,12.951492128280417,94.12081842036693,Pass,Low Risk
121,Investment Banking,2023-01-06 00:00:00,Investment,88.87480798689772,90.18017677207675,Pass,Low Risk
122,Retail,2023-01-06 01:00:00,Insurance,95.56514982297534,75.26033867883191,Pass,Medium Risk
123,Corporate,2023-01-06 02:00:00,Insurance,86.21276172654507,98.35633076295852,Pass,Low Risk
124,Wealth Management,2023-01-06 03:00:00,Insurance,80.95160747248781,70.88804896375498,Pass,Medium Risk
125,Retail,2023-01-06 04:00:00,Investment,65.52419806390218,99.20551595182489,Pass,Low Risk
126,Investment Banking,2023-01-06 05:00:00,Mortgage,55.08573706091393,83.39599994018135,Pass,Low Risk
127,Corporate,2023-01-06 06:00:00,Mortgage,8.698675991141014,81.73356366269707,Pass,Low Risk
128,Retail,2023-01-06 07:00:00,Investment,40.845321307069874,58.29774476478925,Pass,High Risk
129,Investment Banking,2023-01-06 08:00:00,Investment,37.2688517012314,94.0963879152322,Fail,Low Risk
130,Investment Banking,2023-01-06 09:00:00,Investment,25.97537837603262,71.37448439603077,Fail,Medium Risk
131,Investment Banking,2023-01-06 10:00:00,Investment,72.3420113688585,58.111670289123964,Fail,High Risk
132,Retail,2023-01-06 11:00:00,Investment,49.58757350787708,50.630375998787954,Fail,High Risk
133,Retail,2023-01-06 12:00:00,Investment,8.104621590764793,77.98778418191912,Fail,Medium Risk
134,Retail,2023-01-06 13:00:00,Insurance,22.018320194981133,76.36998110613382,Pass,Medium Risk
135,Wealth Management,2023-01-06 14:00:00,Insurance,68.32587636595959,85.96768111845793,Pass,Low Risk
136,Retail,2023-01-06 15:00:00,Insurance,7.613085949030019,94.51290265089011,Pass,Low Risk
137,Retail,2023-01-06 16:00:00,Insurance,85.12069140487687,53.97032923215148,Pass,High Risk
138,Retail,2023-01-06 17:00:00,Investment,49.51465270139743,86.57482451701811,Pass,Low Risk
139,Wealth Management,2023-01-06 18:00:00,Mortgage,48.0586577326648,59.37059720487911,Pass,High Risk
140,Retail,2023-01-06 19:00:00,Loan,59.24077846595176,92.9088526578582,Pass,Low Risk
141,Investment Banking,2023-01-06 20:00:00,Investment,82.46809659251491,90.95317569308281,Pass,Low Risk
142,Retail,2023-01-06 21:00:00,Loan,34.780920790219305,77.03968774927722,Fail,Medium Risk
143,Investment Banking,2023-01-06 22:00:00,Mortgage,67.80161525590636,85.51213993116558,Pass,Low Risk
144,Investment Banking,2023-01-06 23:00:00,Insurance,56.5731963995791,65.71750565918742,Pass,Medium Risk
145,Investment Banking,2023-01-07 00:00:00,Mortgage,26.70282701694213,73.55839494664073,Pass,Medium Risk
146,Wealth Management,2023-01-07 01:00:00,Investment,87.8629986355158,91.08184488552358,Pass,Low Risk
147,Wealth Management,2023-01-07 02:00:00,Insurance,79.74260216069281,72.96325985866069,Fail,Medium Risk
148,Wealth Management,2023-01-07 03:00:00,Investment,65.84518346584255,67.88991326627209,Pass,Medium Risk
149,Retail,2023-01-07 04:00:00,Insurance,85.05817290942419,74.710622362515,Fail,Medium Risk
150,Investment Banking,2023-01-07 05:00:00,Loan,86.72942009598023,91.41246262186093,Pass,Low Risk
151,Wealth Management,2023-01-07 06:00:00,Loan,70.83629767150347,66.76040236854364,Pass,Medium Risk
152,Wealth Management,2023-01-07 07:00:00,Loan,83.7013328363672,58.68807965678719,Pass,High Risk
153,Retail,2023-01-07 08:00:00,Mortgage,69.74714616692836,85.60070101653903,Pass,Low Risk
154,Wealth Management,2023-01-07 09:00:00,Investment,68.01407717603004,91.2989106354041,Pass,Low Risk
155,Retail,2023-01-07 10:00:00,Mortgage,61.86113782151843,55.031873926176665,Pass,High Risk
156,Corporate,2023-01-07 11:00:00,Loan,75.27166395576413,61.993705637797234,Pass,Medium Risk
157,Wealth Management,2023-01-07 12:00:00,Investment,15.86051052930737,57.09859948804969,Fail,High Risk
158,Corporate,2023-01-07 13:00:00,Loan,88.08707591989284,67.39707057910833,Pass,Medium Risk
159,Retail,2023-01-07 14:00:00,Mortgage,87.1843527745232,72.51754894527063,Fail,Medium Risk
160,Investment Banking,2023-01-07 15:00:00,Mortgage,2.9247283034559146,87.44131684816531,Pass,Low Risk
161,Wealth Management,2023-01-07 16:00:00,Mortgage,82.58167505647627,82.5573792440837,Pass,Low Risk
162,Retail,2023-01-07 17:00:00,Loan,12.886986747344519,81.04642837392156,Pass,Low Risk
163,Investment Banking,2023-01-07 18:00:00,Investment,33.51188542591419,67.61874733048272,Pass,Medium Risk
164,Investment Banking,2023-01-07 19:00:00,Investment,74.35082562916078,92.072377654238,Pass,Low Risk
165,Corporate,2023-01-07 20:00:00,Loan,16.07598960483082,73.56435836990823,Pass,Medium Risk
166,Retail,2023-01-07 21:00:00,Investment,81.79670241190622,98.95524690075773,Pass,Low Risk
167,Investment Banking,2023-01-07 22:00:00,Loan,83.21341779577419,81.70710691478683,Fail,Low Risk
168,Wealth Management,2023-01-07 23:00:00,Investment,50.746773376083624,56.313237078225136,Pass,High Risk
169,Wealth Management,2023-01-08 00:00:00,Insurance,0.638587171683358,83.80887810377169,Fail,Low Risk
170,Corporate,2023-01-08 01:00:00,Insurance,28.703813317491278,66.25520077158495,Pass,Medium Risk
171,Investment Banking,2023-01-08 02:00:00,Mortgage,61.69269183757422,84.31635983430488,Pass,Low Risk
172,Retail,2023-01-08 03:00:00,Insurance,98.11861780274235,53.48205740812028,Pass,High Risk
173,Wealth Management,2023-01-08 04:00:00,Insurance,63.18135270166684,58.744071858797966,Pass,High Risk
174,Investment Banking,2023-01-08 05:00:00,Insurance,25.98035810641598,92.78686294528931,Pass,Low Risk
175,Investment Banking,2023-01-08 06:00:00,Loan,63.40057030996113,61.358977851175744,Pass,Medium Risk
176,Corporate,2023-01-08 07:00:00,Insurance,53.99853797158555,91.852056262147,Pass,Low Risk
177,Wealth Management,2023-01-08 08:00:00,Insurance,77.98453951511436,63.96380442272052,Pass,Medium Risk
178,Wealth Management,2023-01-08 09:00:00,Mortgage,10.698063882695841,82.14409550293539,Fail,Low Risk
179,Retail,2023-01-08 10:00:00,Insurance,76.1027902502028,84.70752867549155,Fail,Low Risk
180,Wealth Management,2023-01-08 11:00:00,Insurance,54.12665786761103,75.63273765725265,Pass,Medium Risk
181,Retail,2023-01-08 12:00:00,Investment,96.29920038589947,65.26553383483656,Pass,Medium Risk
182,Wealth Management,2023-01-08 13:00:00,Mortgage,34.187216603868606,60.632218818554804,Pass,Medium Risk
183,Corporate,2023-01-08 14:00:00,Mortgage,63.26218931339481,51.659467728121314,Pass,High Risk
184,Wealth Management,2023-01-08 15:00:00,Mortgage,93.20281055100175,65.1973200620362,Pass,Medium Risk
185,Retail,2023-01-08 16:00:00,Mortgage,10.250972799067926,82.65813952656416,Pass,Low Risk
186,Retail,2023-01-08 17:00:00,Mortgage,93.72284872364511,96.91524092242413,Pass,Low Risk
187,Corporate,2023-01-08 18:00:00,Mortgage,68.78857223008133,93.5602241131526,Pass,Low Risk
188,Wealth Management,2023-01-08 19:00:00,Loan,6.78370591051719,88.30323882676512,Pass,Low Risk
189,Wealth Management,2023-01-08 20:00:00,Insurance,30.096356694681624,89.42236716266493,Fail,Low Risk
190,Corporate,2023-01-08 21:00:00,Mortgage,70.81720886452815,83.24924517379976,Fail,Low Risk
191,Wealth Management,2023-01-08 22:00:00,Insurance,6.73506014687717,63.01434287830015,Pass,Medium Risk
192,Wealth Management,2023-01-08 23:00:00,Insurance,58.217046017627325,95.3597515352915,Fail,Low Risk
193,Retail,2023-01-09 00:00:00,Loan,34.588305695295674,83.53661559529169,Fail,Low Risk
194,Wealth Management,2023-01-09 01:00:00,Mortgage,62.091551776747714,78.02203154902199,Pass,Medium Risk
195,Wealth Management,2023-01-09 02:00:00,Investment,4.5742033812512854,55.54947346067405,Pass,High Risk
196,Corporate,2023-01-09 03:00:00,Loan,87.15368061523763,72.35277719032126,Pass,Medium Risk
197,Corporate,2023-01-09 04:00:00,Investment,97.3488969177397,73.01791356009632,Fail,Medium Risk
198,Investment Banking,2023-01-09 05:00:00,Insurance,96.88778552856915,93.2281804761335,Fail,Low Risk
199,Retail,2023-01-09 06:00:00,Insurance,74.96518317429248,77.33241100938943,Pass,Medium Risk
200,Wealth Management,2023-01-09 07:00:00,Loan,13.008624013063198,69.02002744852048,Pass,Medium Risk
201,Wealth Management,2023-01-09 08:00:00,Loan,75.82631959290225,98.84001642553297,Pass,Low Risk
202,Investment Banking,2023-01-09 09:00:00,Investment,2.458691645880151,55.536029666315784,Pass,High Risk
203,Wealth Management,2023-01-09 10:00:00,Mortgage,2.2123551528997254,71.12742141559723,Pass,Medium Risk
204,Retail,2023-01-09 11:00:00,Investment,32.36102191495412,52.10123375857027,Fail,High Risk
205,Investment Banking,2023-01-09 12:00:00,Loan,48.864319040466576,86.99520603834651,Pass,Low Risk
206,Retail,2023-01-09 13:00:00,Investment,77.04074178077931,95.90382760995753,Fail,Low Risk
207,Investment Banking,2023-01-09 14:00:00,Loan,68.32953766065052,64.00186647752447,Fail,Medium Risk
208,Investment Banking,2023-01-09 15:00:00,Investment,44.590270637674834,92.91708383995604,Pass,Low Risk
209,Corporate,2023-01-09 16:00:00,Loan,27.362666628166586,64.61091152309488,Pass,Medium Risk
210,Retail,2023-01-09 17:00:00,Loan,99.71245001577111,95.53850808219576,Pass,Low Risk
211,Wealth Management,2023-01-09 18:00:00,Loan,42.6181302235973,87.6980951798392,Pass,Low Risk
212,Wealth Management,2023-01-09 19:00:00,Mortgage,45.13870243296755,90.24533884207193,Pass,Low Risk
213,Retail,2023-01-09 20:00:00,Investment,16.362382119166917,50.90032778002273,Pass,High Risk
214,Wealth Management,2023-01-09 21:00:00,Investment,79.48095487499293,98.1405178537013,Pass,Low Risk
215,Wealth Management,2023-01-09 22:00:00,Investment,69.36822257814886,86.33354960351616,Pass,Low Risk
216,Retail,2023-01-09 23:00:00,Loan,22.07696127887604,65.23755476930667,Pass,Medium Risk
217,Investment Banking,2023-01-10 00:00:00,Investment,8.238104561584269,91.46973324294234,Pass,Low Risk
218,Retail,2023-01-10 01:00:00,Investment,68.0499302074713,64.0760599207465,Pass,Medium Risk
219,Investment Banking,2023-01-10 02:00:00,Loan,65.45112142811352,93.6376919783064,Pass,Low Risk
220,Wealth Management,2023-01-10 03:00:00,Insurance,27.32595269982093,55.62901952059685,Pass,High Risk
221,Wealth Management,2023-01-10 04:00:00,Loan,95.08635622504103,85.18429887303978,Pass,Low Risk
222,Wealth Management,2023-01-10 05:00:00,Investment,15.105789178090024,77.03492383224551,Pass,Medium Risk
223,Corporate,2023-01-10 06:00:00,Loan,43.23348010426019,54.82672350977204,Pass,High Risk
224,Investment Banking,2023-01-10 07:00:00,Insurance,94.36159201675989,62.09469141294195,Pass,Medium Risk
225,Corporate,2023-01-10 08:00:00,Loan,41.97273169261223,50.62020181386574,Pass,High Risk
226,Corporate,2023-01-10 09:00:00,Investment,63.85259476640856,73.43839827322529,Fail,Medium Risk
227,Retail,2023-01-10 10:00:00,Insurance,39.75943979627943,65.06326303800002,Pass,Medium Risk
228,Corporate,2023-01-10 11:00:00,Mortgage,27.421520234867003,79.91787421488795,Pass,Medium Risk
229,Retail,2023-01-10 12:00:00,Investment,98.39776479598282,64.86189038543085,Pass,Medium Risk
230,Retail,2023-01-10 13:00:00,Insurance,40.9334006315043,64.99595557534923,Pass,Medium Risk
231,Corporate,2023-01-10 14:00:00,Insurance,89.40992036791344,87.15965993658017,Pass,Low Risk
232,Investment Banking,2023-01-10 15:00:00,Mortgage,22.995460589108617,52.40714179891767,Pass,High Risk
233,Investment Banking,2023-01-10 16:00:00,Loan,21.31047040250833,95.14474975959936,Pass,Low Risk
234,Investment Banking,2023-01-10 17:00:00,Loan,3.113408288451136,92.61319371955906,Pass,Low Risk
235,Investment Banking,2023-01-10 18:00:00,Investment,65.1666825375885,83.39023416132034,Pass,Low Risk
236,Investment Banking,2023-01-10 19:00:00,Mortgage,36.852634372376116,79.66107850536922,Pass,Medium Risk
237,Corporate,2023-01-10 20:00:00,Loan,86.4358249839637,94.61512490698262,Pass,Low Risk
238,Corporate,2023-01-10 21:00:00,Mortgage,47.32099066915572,59.26650897643572,Fail,High Risk
239,Wealth Management,2023-01-10 22:00:00,Loan,96.81934279147217,53.948458109541434,Pass,High Risk
240,Investment Banking,2023-01-10 23:00:00,Insurance,18.552551570312115,61.9755084954769,Pass,Medium Risk
241,Corporate,2023-01-11 00:00:00,Loan,86.86231679556109,89.72891393500952,Pass,Low Risk
242,Wealth Management,2023-01-11 01:00:00,Mortgage,77.65968527917417,51.733513336324165,Pass,High Risk
243,Investment Banking,2023-01-11 02:00:00,Insurance,77.0921844644052,79.14034175417449,Pass,Medium Risk
244,Retail,2023-01-11 03:00:00,Insurance,84.47832281168877,99.7718758095655,Pass,Low Risk
245,Wealth Management,2023-01-11 04:00:00,Insurance,76.10239909429988,92.78480469187697,Pass,Low Risk
246,Corporate,2023-01-11 05:00:00,Mortgage,62.62203216314154,76.07228445217947,Pass,Medium Risk
247,Retail,2023-01-11 06:00:00,Investment,13.124487768238758,53.18204546433212,Pass,High Risk
248,Retail,2023-01-11 07:00:00,Investment,3.2526179491251916,91.5686757192855,Pass,Low Risk
249,Retail,2023-01-11 08:00:00,Investment,92.08478478156869,79.94892540886053,Fail,Medium Risk
250,Wealth Management,2023-01-11 09:00:00,Mortgage,61.665031452073805,55.746649852978344,Pass,High Risk
251,Corporate,2023-01-11 10:00:00,Insurance,79.65372909761763,54.69286424116781,Pass,High Risk
252,Retail,2023-01-11 11:00:00,Investment,48.152235151255006,95.48134097182961,Pass,Low Risk
253,Investment Banking,2023-01-11 12:00:00,Mortgage,11.730818896239448,83.46001314690392,Pass,Low Risk
254,Retail,2023-01-11 13:00:00,Investment,12.518579220255043,91.46433996583778,Pass,Low Risk
255,Retail,2023-01-11 14:00:00,Loan,68.55652872289714,93.94894501411336,Pass,Low Risk
256,Wealth Management,2023-01-11 15:00:00,Investment,43.030589489946266,78.58861760241611,Pass,Medium Risk
257,Wealth Management,2023-01-11 16:00:00,Investment,20.052472670033673,75.87231758775206,Pass,Medium Risk
258,Corporate,2023-01-11 17:00:00,Insurance,49.15945467414369,71.5213705160495,Pass,Medium Risk
259,Investment Banking,2023-01-11 18:00:00,Mortgage,6.420893707513409,65.84732938955597,Pass,Medium Risk
260,Wealth Management,2023-01-11 19:00:00,Insurance,58.19714019143988,71.72979804293558,Fail,Medium Risk
261,Retail,2023-01-11 20:00:00,Insurance,26.899340443509768,88.69398278650782,Pass,Low Risk
262,Corporate,2023-01-11 21:00:00,Insurance,79.75591006371882,80.09617155075658,Pass,Low Risk
263,Retail,2023-01-11 22:00:00,Insurance,31.036195892357377,94.62616449774231,Pass,Low Risk
264,Retail,2023-01-11 23:00:00,Insurance,45.52201490818012,72.16900071895938,Pass,Medium Risk
265,Wealth Management,2023-01-12 00:00:00,Investment,1.1620539908100636,80.35447893593769,Fail,Low Risk
266,Corporate,2023-01-12 01:00:00,Insurance,7.244688779455888,81.56537765459944,Pass,Low Risk
267,Investment Banking,2023-01-12 02:00:00,Insurance,39.24935564066848,79.58485811531628,Pass,Medium Risk
268,Investment Banking,2023-01-12 03:00:00,Mortgage,47.99388347171235,85.13168865427582,Pass,Low Risk
269,Wealth Management,2023-01-12 04:00:00,Loan,60.00205481193037,61.871673418740315,Pass,Medium Risk
270,Wealth Management,2023-01-12 05:00:00,Investment,29.166257870930323,75.61818887728953,Pass,Medium Risk
271,Corporate,2023-01-12 06:00:00,Investment,69.49818861265426,55.21124014041738,Pass,High Risk
272,Investment Banking,2023-01-12 07:00:00,Investment,86.01223971892045,69.22556638224063,Pass,Medium Risk
273,Investment Banking,2023-01-12 08:00:00,Insurance,77.98509888933498,74.38335343106323,Pass,Medium Risk
274,Investment Banking,2023-01-12 09:00:00,Insurance,3.9618825348357145,82.61121297727362,Pass,Low Risk
275,Retail,2023-01-12 10:00:00,Insurance,48.0506947257829,97.52655262931017,Fail,Low Risk
276,Investment Banking,2023-01-12 11:00:00,Mortgage,10.493017841817487,80.03255332741779,Fail,Low Risk
277,Retail,2023-01-12 12:00:00,Loan,24.204501586252746,87.17969580882799,Fail,Low Risk
278,Corporate,2023-01-12 13:00:00,Insurance,98.66625932671465,75.31330297476013,Pass,Medium Risk
279,Retail,2023-01-12 14:00:00,Loan,14.249554290151323,81.70520156881656,Pass,Low Risk
280,Corporate,2023-01-12 15:00:00,Mortgage,49.888815345135605,53.54661080668867,Fail,High Risk
281,Investment Banking,2023-01-12 16:00:00,Investment,61.81557343181191,62.71957904209235,Pass,Medium Risk
282,Investment Banking,2023-01-12 17:00:00,Insurance,70.2464970544104,68.09265466025693,Pass,Medium Risk
283,Corporate,2023-01-12 18:00:00,Loan,55.96486834869141,73.62466775032567,Fail,Medium Risk
284,Wealth Management,2023-01-12 19:00:00,Loan,0.9770847419183659,52.282437275119186,Fail,High Risk
285,Corporate,2023-01-12 20:00:00,Insurance,32.64613082439919,57.001204877665884,Pass,High Risk
286,Wealth Management,2023-01-12 21:00:00,Investment,51.771164338471145,63.84071538956529,Pass,Medium Risk
287,Retail,2023-01-12 22:00:00,Investment,8.786649914483336,98.57663454505254,Pass,Low Risk
288,Retail,2023-01-12 23:00:00,Investment,35.06269312091808,66.56735035515254,Fail,Medium Risk
289,Retail,2023-01-13 00:00:00,Mortgage,3.3203108791366565,74.10205290560413,Fail,Medium Risk
290,Investment Banking,2023-01-13 01:00:00,Loan,7.857849715502074,59.80488563691965,Pass,High Risk
291,Retail,2023-01-13 02:00:00,Loan,39.69232762015961,80.5390035537884,Pass,Low Risk
292,Wealth Management,2023-01-13 03:00:00,Loan,13.271575404306034,64.03416077579871,Fail,Medium Risk
293,Retail,2023-01-13 04:00:00,Mortgage,56.75408482615582,60.34962892192134,Pass,Medium Risk
294,Corporate,2023-01-13 05:00:00,Loan,68.94649691372658,75.82863142229895,Pass,Medium Risk
295,Corporate,2023-01-13 06:00:00,Mortgage,80.05866991090829,50.27528995802104,Fail,High Risk
296,Investment Banking,2023-01-13 07:00:00,Investment,20.01502442448101,50.383201632461265,Pass,High Risk
297,Corporate,2023-01-13 08:00:00,Insurance,16.748258225906977,60.95344045509289,Pass,Medium Risk
298,Wealth Management,2023-01-13 09:00:00,Loan,10.456784033440025,51.83606812504106,Pass,High Risk
299,Retail,2023-01-13 10:00:00,Loan,63.64302495436367,55.40128770653457,Pass,High Risk
300,Investment Banking,2023-01-13 11:00:00,Investment,70.64757264869012,66.94303246693758,Fail,Medium Risk
301,Retail,2023-01-13 12:00:00,Insurance,3.1586144825642037,90.12928397899064,Pass,Low Risk
302,Retail,2023-01-13 13:00:00,Mortgage,93.62122462436898,78.60243216846504,Fail,Medium Risk
303,Wealth Management,2023-01-13 14:00:00,Insurance,5.1971283651472415,75.63338629782082,Pass,Medium Risk
304,Corporate,2023-01-13 15:00:00,Investment,54.12963353010704,64.67444116040608,Pass,Medium Risk
305,Corporate,2023-01-13 16:00:00,Investment,70.90605194509165,96.58768597164081,Pass,Low Risk
306,Retail,2023-01-13 17:00:00,Insurance,87.09691237460856,69.85075206185958,Pass,Medium Risk
307,Investment Banking,2023-01-13 18:00:00,Mortgage,71.40869321324278,54.35463833978857,Pass,High Risk
308,Corporate,2023-01-13 19:00:00,Mortgage,80.17280830697918,80.85332580589007,Pass,Low Risk
309,Investment Banking,2023-01-13 20:00:00,Loan,33.94501925428061,55.69191967383007,Pass,High Risk
310,Corporate,2023-01-13 21:00:00,Mortgage,81.48251137465122,67.2611571400846,Pass,Medium Risk
311,Investment Banking,2023-01-13 22:00:00,Insurance,8.011484638467515,75.37059693589045,Pass,Medium Risk
312,Wealth Management,2023-01-13 23:00:00,Investment,89.48166560605276,93.71112623425878,Pass,Low Risk
313,Investment Banking,2023-01-14 00:00:00,Loan,54.75923761537362,74.67732901700593,Pass,Medium Risk
314,Wealth Management,2023-01-14 01:00:00,Loan,81.72977699624937,85.11293830158321,Pass,Low Risk
315,Wealth Management,2023-01-14 02:00:00,Investment,45.23182845183001,99.64084194995351,Pass,Low Risk
316,Investment Banking,2023-01-14 03:00:00,Mortgage,64.35776951965249,56.57445599489908,Pass,High Risk
317,Wealth Management,2023-01-14 04:00:00,Investment,52.640266093611324,63.73657627597598,Pass,Medium Risk
318,Retail,2023-01-14 05:00:00,Mortgage,73.15895217553319,69.72880377988233,Pass,Medium Risk
319,Wealth Management,2023-01-14 06:00:00,Investment,8.162998203058958,71.09140892694157,Fail,Medium Risk
320,Corporate,2023-01-14 07:00:00,Insurance,6.03520839905638,70.55105376327728,Fail,Medium Risk
321,Investment Banking,2023-01-14 08:00:00,Mortgage,24.710323401014644,95.38055012782775,Pass,Low Risk
322,Retail,2023-01-14 09:00:00,Insurance,15.954468011318834,85.70163222334281,Pass,Low Risk
323,Investment Banking,2023-01-14 10:00:00,Loan,87.17835665922017,80.39526070453519,Fail,Low Risk
324,Corporate,2023-01-14 11:00:00,Investment,21.92139873580443,65.46863589313911,Pass,Medium Risk
325,Corporate,2023-01-14 12:00:00,Loan,97.58652558191314,91.18951921106473,Fail,Low Risk
326,Corporate,2023-01-14 13:00:00,Loan,33.68957917711069,97.75302557424945,Fail,Low Risk
327,Wealth Management,2023-01-14 14:00:00,Loan,18.211791568869927,91.05991412751132,Fail,Low Risk
328,Wealth Management,2023-01-14 15:00:00,Loan,78.96985071424791,50.078255259573645,Pass,High Risk
329,Investment Banking,2023-01-14 16:00:00,Investment,65.87077755008761,81.82006850917035,Pass,Low Risk
330,Investment Banking,2023-01-14 17:00:00,Loan,49.8195716453139,52.556769072105034,Pass,High Risk
331,Retail,2023-01-14 18:00:00,Investment,55.53635509376312,62.880361016686095,Pass,Medium Risk
332,Retail,2023-01-14 19:00:00,Investment,71.92017782722638,52.97623501738858,Pass,High Risk
333,Investment Banking,2023-01-14 20:00:00,Insurance,22.845474133129873,80.18977264746938,Pass,Low Risk
334,Wealth Management,2023-01-14 21:00:00,Mortgage,99.63339160567419,84.32949567463034,Pass,Low Risk
335,Corporate,2023-01-14 22:00:00,Mortgage,97.4793162146783,55.72438190329525,Fail,High Risk
336,Investment Banking,2023-01-14 23:00:00,Investment,65.03256863469369,69.19194415224898,Pass,Medium Risk
337,Retail,2023-01-15 00:00:00,Insurance,19.954245092914512,72.8118254477771,Fail,Medium Risk
338,Wealth Management,2023-01-15 01:00:00,Investment,68.02282424312914,68.45265108804583,Fail,Medium Risk
339,Investment Banking,2023-01-15 02:00:00,Investment,7.219840897917584,56.05125002425965,Pass,High Risk
340,Investment Banking,2023-01-15 03:00:00,Investment,3.0652502205806065,70.94738950937378,Pass,Medium Risk
341,Wealth Management,2023-01-15 04:00:00,Insurance,25.76828885112137,87.55890239042091,Fail,Low Risk
342,Investment Banking,2023-01-15 05:00:00,Mortgage,46.26229567393163,53.550383226662774,Pass,High Risk
343,Wealth Management,2023-01-15 06:00:00,Insurance,86.82725054083805,54.00900070409517,Pass,High Risk
344,Corporate,2023-01-15 07:00:00,Loan,72.7169069766308,67.73856459179922,Pass,Medium Risk
345,Wealth Management,2023-01-15 08:00:00,Insurance,74.2706521199981,97.08628558094625,Pass,Low Risk
346,Wealth Management,2023-01-15 09:00:00,Insurance,42.54933344480754,83.42863233614571,Pass,Low Risk
347,Wealth Management,2023-01-15 10:00:00,Insurance,34.59349925469629,83.93349783362824,Pass,Low Risk
348,Investment Banking,2023-01-15 11:00:00,Insurance,37.10387629846027,68.09599954189325,Pass,Medium Risk
349,Investment Banking,2023-01-15 12:00:00,Mortgage,98.76495637360578,79.68303956042692,Pass,Medium Risk
350,Wealth Management,2023-01-15 13:00:00,Loan,4.010919141248248,50.50655920138717,Pass,High Risk
351,Investment Banking,2023-01-15 14:00:00,Mortgage,86.70314961224486,81.80480232047711,Pass,Low Risk
352,Retail,2023-01-15 15:00:00,Mortgage,57.86754085723934,95.66434737881184,Pass,Low Risk
353,Retail,2023-01-15 16:00:00,Insurance,43.86154191895905,80.62867341724096,Fail,Low Risk
354,Investment Banking,2023-01-15 17:00:00,Investment,72.52576604151365,93.68492967331724,Pass,Low Risk
355,Investment Banking,2023-01-15 18:00:00,Investment,48.666894142470284,86.19865277330469,Pass,Low Risk
356,Wealth Management,2023-01-15 19:00:00,Mortgage,87.34232380816606,56.02792082018451,Pass,High Risk
357,Corporate,2023-01-15 20:00:00,Mortgage,90.07018640112585,95.12266536429209,Pass,Low Risk
358,Investment Banking,2023-01-15 21:00:00,Insurance,42.17209268734554,53.322192217788746,Pass,High Risk
359,Retail,2023-01-15 22:00:00,Mortgage,27.682779723505156,76.6983736273882,Fail,Medium Risk
360,Wealth Management,2023-01-15 23:00:00,Insurance,59.23503285933622,57.10685618967288,Pass,High Risk
361,Investment Banking,2023-01-16 00:00:00,Investment,91.2363345616691,50.5853305365452,Fail,High Risk
362,Retail,2023-01-16 01:00:00,Investment,21.066218900566657,71.10171300638194,Pass,Medium Risk
363,Retail,2023-01-16 02:00:00,Loan,62.296658356348274,64.75203538270782,Pass,Medium Risk
364,Corporate,2023-01-16 03:00:00,Investment,63.156022009252055,74.30002468988015,Pass,Medium Risk
365,Wealth Management,2023-01-16 04:00:00,Mortgage,73.3113022415281,78.85999433672754,Fail,Medium Risk
366,Wealth Management,2023-01-16 05:00:00,Investment,13.15676851272598,52.186953615447365,Pass,High Risk
367,Corporate,2023-01-16 06:00:00,Insurance,71.58249646820886,56.15016475618728,Pass,High Risk
368,Corporate,2023-01-16 07:00:00,Investment,90.9032520665641,77.93211982252127,Pass,Medium Risk
369,Wealth Management,2023-01-16 08:00:00,Loan,17.968310887024195,67.15836765863291,Pass,Medium Risk
370,Wealth Management,2023-01-16 09:00:00,Investment,23.754332492387764,86.45867437747239,Pass,Low Risk
371,Investment Banking,2023-01-16 10:00:00,Insurance,97.13950940416396,82.614582429597,Pass,Low Risk
372,Investment Banking,2023-01-16 11:00:00,Insurance,18.097695270948975,92.28021814949534,Pass,Low Risk
373,Corporate,2023-01-16 12:00:00,Mortgage,85.4385093369579,84.62464133346126,Pass,Low Risk
374,Investment Banking,2023-01-16 13:00:00,Investment,49.227785644803475,71.49655386950741,Pass,Medium Risk
375,Retail,2023-01-16 14:00:00,Insurance,24.723107440317705,83.64833111972162,Fail,Low Risk
376,Investment Banking,2023-01-16 15:00:00,Loan,87.07499012725114,63.76905871277093,Fail,Medium Risk
377,Investment Banking,2023-01-16 16:00:00,Mortgage,44.53052550026655,65.31567493891063,Fail,Medium Risk
378,Retail,2023-01-16 17:00:00,Loan,51.48173539296902,89.44925799603966,Pass,Low Risk
379,Corporate,2023-01-16 18:00:00,Investment,35.92333693997657,72.32097582007911,Pass,Medium Risk
380,Retail,2023-01-16 19:00:00,Investment,59.29508514349274,89.91901702591763,Pass,Low Risk
381,Investment Banking,2023-01-16 20:00:00,Investment,16.352387258502276,91.12111868341393,Pass,Low Risk
382,Corporate,2023-01-16 21:00:00,Mortgage,39.10815366517607,92.8781168830642,Pass,Low Risk
383,Investment Banking,2023-01-16 22:00:00,Insurance,96.94123223352875,95.83176179206036,Pass,Low Risk
384,Retail,2023-01-16 23:00:00,Mortgage,25.813343270112753,71.5492610256648,Pass,Medium Risk
385,Retail,2023-01-17 00:00:00,Loan,65.67366645412922,65.94334091605694,Pass,Medium Risk
386,Investment Banking,2023-01-17 01:00:00,Mortgage,32.51900642246949,79.1099373297057,Fail,Medium Risk
387,Wealth Management,2023-01-17 02:00:00,Loan,77.34731256866006,68.55862117188138,Pass,Medium Risk
388,Wealth Management,2023-01-17 03:00:00,Mortgage,13.087366071834982,80.05370834001165,Pass,Low Risk
389,Retail,2023-01-17 04:00:00,Insurance,96.98210450785447,85.27929313219123,Pass,Low Risk
390,Retail,2023-01-17 05:00:00,Loan,45.37895413836392,84.42025092460685,Pass,Low Risk
391,Wealth Management,2023-01-17 06:00:00,Investment,23.605046334646396,68.72764435100606,Pass,Medium Risk
392,Wealth Management,2023-01-17 07:00:00,Investment,7.349674733001265,58.34301008493764,Fail,High Risk
393,Investment Banking,2023-01-17 08:00:00,Mortgage,16.975790508754073,71.52646692311038,Fail,Medium Risk
394,Investment Banking,2023-01-17 09:00:00,Investment,51.977394855601766,57.12970720409544,Pass,High Risk
395,Wealth Management,2023-01-17 10:00:00,Loan,33.70031764312863,94.50485175919042,Fail,Low Risk
396,Investment Banking,2023-01-17 11:00:00,Investment,82.88833658826094,67.29387303689288,Fail,Medium Risk
397,Investment Banking,2023-01-17 12:00:00,Insurance,43.08875236618059,57.72298736116619,Fail,High Risk
398,Corporate,2023-01-17 13:00:00,Insurance,24.871427258762992,51.272387995287545,Fail,High Risk
399,Investment Banking,2023-01-17 14:00:00,Mortgage,61.714498660403,82.29111931432422,Pass,Low Risk
400,Retail,2023-01-17 15:00:00,Loan,70.67772168854458,81.84511587273715,Pass,Low Risk
401,Investment Banking,2023-01-17 16:00:00,Insurance,16.704190790094987,67.03020832906458,Pass,Medium Risk
402,Investment Banking,2023-01-17 17:00:00,Insurance,16.761921628831765,53.58559444238255,Pass,High Risk
403,Wealth Management,2023-01-17 18:00:00,Loan,3.667142693354297,70.4814447447616,Fail,Medium Risk
404,Retail,2023-01-17 19:00:00,Investment,73.64020150656405,65.56087475316968,Pass,Medium Risk
405,Investment Banking,2023-01-17 20:00:00,Investment,66.38045276218051,83.85603198675047,Pass,Low Risk
406,Investment Banking,2023-01-17 21:00:00,Mortgage,47.46308757498139,80.28896247263452,Fail,Low Risk
407,Corporate,2023-01-17 22:00:00,Investment,84.41704489691972,68.229686409877,Fail,Medium Risk
408,Investment Banking,2023-01-17 23:00:00,Loan,80.56701529500532,60.894627712749504,Fail,Medium Risk
409,Investment Banking,2023-01-18 00:00:00,Insurance,58.535436439675216,99.40179830777959,Pass,Low Risk
410,Corporate,2023-01-18 01:00:00,Investment,86.82712805132586,72.70008105980574,Pass,Medium Risk
411,Wealth Management,2023-01-18 02:00:00,Mortgage,20.584121003676824,84.41371178901186,Pass,Low Risk
412,Investment Banking,2023-01-18 03:00:00,Investment,11.191961939772789,57.02764837891804,Pass,High Risk
413,Corporate,2023-01-18 04:00:00,Loan,26.974961151698963,74.27948498296989,Pass,Medium Risk
414,Retail,2023-01-18 05:00:00,Mortgage,5.708685608931486,51.37683599347327,Pass,High Risk
415,Wealth Management,2023-01-18 06:00:00,Investment,53.1169528001032,75.2727558955225,Fail,Medium Risk
416,Retail,2023-01-18 07:00:00,Mortgage,93.66056922949615,98.20087035588512,Pass,Low Risk
417,Retail,2023-01-18 08:00:00,Loan,3.9343540668509647,69.21033564929002,Pass,Medium Risk
418,Corporate,2023-01-18 09:00:00,Insurance,12.21099140100268,51.94980062874558,Pass,High Risk
419,Investment Banking,2023-01-18 10:00:00,Loan,45.21990282834353,51.54778954596718,Pass,High Risk
420,Corporate,2023-01-18 11:00:00,Loan,93.38750175279048,69.39933799734348,Pass,Medium Risk
421,Corporate,2023-01-18 12:00:00,Loan,31.61561049767505,58.001246823159704,Fail,High Risk
422,Corporate,2023-01-18 13:00:00,Loan,50.723480868839246,51.167604816409295,Pass,High Risk
423,Corporate,2023-01-18 14:00:00,Insurance,4.15728590503921,87.81068069750884,Fail,Low Risk
424,Wealth Management,2023-01-18 15:00:00,Insurance,14.834320096208886,72.92615044409453,Pass,Medium Risk
425,Investment Banking,2023-01-18 16:00:00,Mortgage,98.66301229588468,64.46223859863272,Fail,Medium Risk
426,Retail,2023-01-18 17:00:00,Investment,96.51186964360456,95.00415915082404,Pass,Low Risk
427,Retail,2023-01-18 18:00:00,Insurance,0.49399809344096157,55.80694801002628,Pass,High Risk
428,Investment Banking,2023-01-18 19:00:00,Insurance,95.18117854232389,97.79594144776595,Pass,Low Risk
429,Retail,2023-01-18 20:00:00,Investment,63.91199378155004,65.69833586886764,Fail,Medium Risk
430,Investment Banking,2023-01-18 21:00:00,Insurance,86.79182945200222,94.42018361543407,Pass,Low Risk
431,Retail,2023-01-18 22:00:00,Loan,45.47398556338591,80.14714382397308,Pass,Low Risk
432,Corporate,2023-01-18 23:00:00,Loan,51.55960285792502,91.33536798707436,Fail,Low Risk
433,Retail,2023-01-19 00:00:00,Investment,48.88465802569202,99.2006581605232,Fail,Low Risk
434,Investment Banking,2023-01-19 01:00:00,Mortgage,66.68642575461044,64.42027189093729,Pass,Medium Risk
435,Investment Banking,2023-01-19 02:00:00,Mortgage,13.96512547563129,98.05677427037965,Pass,Low Risk
436,Investment Banking,2023-01-19 03:00:00,Investment,2.9973589872677953,69.47409474512102,Pass,Medium Risk
437,Investment Banking,2023-01-19 04:00:00,Investment,30.79299415911909,69.27559523684612,Pass,Medium Risk
438,Investment Banking,2023-01-19 05:00:00,Loan,70.46807627366466,67.01935521272529,Pass,Medium Risk
439,Wealth Management,2023-01-19 06:00:00,Mortgage,20.185345212294838,77.07038036737926,Fail,Medium Risk
440,Wealth Management,2023-01-19 07:00:00,Insurance,67.34324333249174,57.707252158924355,Fail,High Risk
441,Retail,2023-01-19 08:00:00,Loan,96.99120461072704,77.68557426790056,Pass,Medium Risk
442,Investment Banking,2023-01-19 09:00:00,Investment,9.39007157894184,77.0852406205002,Pass,Medium Risk
443,Retail,2023-01-19 10:00:00,Mortgage,67.26021182251263,88.0950906302435,Pass,Low Risk
444,Investment Banking,2023-01-19 11:00:00,Insurance,44.375021930457116,91.68249809687927,Fail,Low Risk
445,Investment Banking,2023-01-19 12:00:00,Insurance,86.81422543775054,72.0220675156212,Fail,Medium Risk
446,Wealth Management,2023-01-19 13:00:00,Loan,17.71497894473859,65.11666246757468,Pass,Medium Risk
447,Wealth Management,2023-01-19 14:00:00,Mortgage,69.26259522261645,62.96674486585472,Fail,Medium Risk
448,Corporate,2023-01-19 15:00:00,Mortgage,83.81152896481102,59.73119183524359,Pass,High Risk
449,Wealth Management,2023-01-19 16:00:00,Investment,94.46142194740233,52.882379109951245,Pass,High Risk
450,Corporate,2023-01-19 17:00:00,Mortgage,68.32480282896458,67.12239894173567,Pass,Medium Risk
451,Corporate,2023-01-19 18:00:00,Mortgage,49.71747640084273,63.512384606539165,Pass,Medium Risk
452,Corporate,2023-01-19 19:00:00,Loan,61.78472402012139,98.32086929332037,Pass,Low Risk
453,Corporate,2023-01-19 20:00:00,Mortgage,86.89049844787182,77.8854413125022,Pass,Medium Risk
454,Corporate,2023-01-19 21:00:00,Insurance,57.060974663882966,67.36385195152538,Pass,Medium Risk
455,Retail,2023-01-19 22:00:00,Loan,3.038705969683686,79.0233800496848,Fail,Medium Risk
456,Wealth Management,2023-01-19 23:00:00,Loan,93.09486955069778,56.95983506728477,Pass,High Risk
457,Corporate,2023-01-20 00:00:00,Investment,68.95267510315611,72.20218746011014,Pass,Medium Risk
458,Investment Banking,2023-01-20 01:00:00,Mortgage,67.65133857772466,81.31171607105318,Pass,Low Risk
459,Wealth Management,2023-01-20 02:00:00,Investment,21.567515239771716,74.44489158962257,Pass,Medium Risk
460,Wealth Management,2023-01-20 03:00:00,Insurance,65.88854702326572,70.08894003271621,Pass,Medium Risk
461,Corporate,2023-01-20 04:00:00,Loan,39.386440565415846,99.6924194449849,Pass,Low Risk
462,Retail,2023-01-20 05:00:00,Loan,65.12329770414921,94.01573810744635,Pass,Low Risk
463,Corporate,2023-01-20 06:00:00,Loan,10.659303030799073,81.17029790797201,Pass,Low Risk
464,Retail,2023-01-20 07:00:00,Insurance,65.7845304603036,78.46886805911414,Pass,Medium Risk
465,Investment Banking,2023-01-20 08:00:00,Insurance,99.94137257706666,81.0330239912292,Pass,Low Risk
466,Wealth Management,2023-01-20 09:00:00,Investment,4.821203886055603,60.065605391121665,Pass,Medium Risk
467,Investment Banking,2023-01-20 10:00:00,Investment,97.71741842213173,69.75688716321594,Pass,Medium Risk
468,Retail,2023-01-20 11:00:00,Investment,40.690796072287064,51.972976644544964,Pass,High Risk
469,Retail,2023-01-20 12:00:00,Mortgage,87.07534503372591,73.77730187434133,Fail,Medium Risk
470,Investment Banking,2023-01-20 13:00:00,Loan,78.23854840582734,77.15122919788315,Pass,Medium Risk
471,Retail,2023-01-20 14:00:00,Loan,56.70162609866678,61.38748680516048,Pass,Medium Risk
472,Investment Banking,2023-01-20 15:00:00,Investment,73.84492092513266,98.20144235827568,Fail,Low Risk
473,Wealth Management,2023-01-20 16:00:00,Loan,87.8515561301348,95.4727305468621,Pass,Low Risk
474,Investment Banking,2023-01-20 17:00:00,Investment,40.4140321651033,86.1071617727953,Pass,Low Risk
475,Wealth Management,2023-01-20 18:00:00,Mortgage,32.70331615632387,76.66933143826813,Fail,Medium Risk
476,Investment Banking,2023-01-20 19:00:00,Mortgage,66.75933855635847,93.49845798238425,Fail,Low Risk
477,Retail,2023-01-20 20:00:00,Insurance,80.78459419412586,56.532617191173145,Fail,High Risk
478,Investment Banking,2023-01-20 21:00:00,Mortgage,76.22851347766158,89.52548971374425,Pass,Low Risk
479,Retail,2023-01-20 22:00:00,Investment,79.78136488586345,56.24104069834242,Pass,High Risk
480,Investment Banking,2023-01-20 23:00:00,Mortgage,43.5583314812933,89.71053312747027,Pass,Low Risk
481,Investment Banking,2023-01-21 00:00:00,Insurance,81.78342161750216,63.78837841256785,Pass,Medium Risk
482,Corporate,2023-01-21 01:00:00,Loan,12.020905537060845,93.85452905090945,Pass,Low Risk
483,Retail,2023-01-21 02:00:00,Investment,54.448909796084955,97.2021046912699,Pass,Low Risk
484,Corporate,2023-01-21 03:00:00,Loan,0.575866049812157,57.43979847025578,Fail,High Risk
485,Retail,2023-01-21 04:00:00,Insurance,32.45858299002703,73.13378025326968,Pass,Medium Risk
486,Corporate,2023-01-21 05:00:00,Insurance,36.646153487139784,99.04936890813426,Pass,Low Risk
487,Wealth Management,2023-01-21 06:00:00,Insurance,39.61726916092554,74.17037179865733,Pass,Medium Risk
488,Investment Banking,2023-01-21 07:00:00,Loan,69.54672066898621,93.17737612572725,Pass,Low Risk
489,Retail,2023-01-21 08:00:00,Loan,38.85581012703457,79.436576106566,Pass,Medium Risk
490,Retail,2023-01-21 09:00:00,Loan,44.86936226225306,68.76649539598009,Pass,Medium Risk
491,Investment Banking,2023-01-21 10:00:00,Loan,23.754413087432745,64.28917777629351,Pass,Medium Risk
492,Retail,2023-01-21 11:00:00,Insurance,37.325179162934006,60.16115455430436,Pass,Medium Risk
493,Retail,2023-01-21 12:00:00,Insurance,22.726962726315147,88.08990956888486,Fail,Low Risk
494,Corporate,2023-01-21 13:00:00,Investment,7.319592376844364,69.3270253411514,Fail,Medium Risk
495,Retail,2023-01-21 14:00:00,Investment,60.34485933813779,75.56377311003756,Pass,Medium Risk
496,Wealth Management,2023-01-21 15:00:00,Loan,66.82127985550163,74.6162740000591,Pass,Medium Risk
497,Wealth Management,2023-01-21 16:00:00,Mortgage,61.94903460096145,78.86395146165657,Fail,Medium Risk
498,Investment Banking,2023-01-21 17:00:00,Mortgage,46.34940438005724,93.2788572812276,Fail,Low Risk
499,Retail,2023-01-21 18:00:00,Insurance,37.978578017922985,99.03696717917147,Pass,Low Risk
500,Investment Banking,2023-01-21 19:00:00,Insurance,86.33336495718252,70.37921042869084,Pass,Medium Risk
501,Wealth Management,2023-01-21 20:00:00,Insurance,51.908178513621806,91.37594610531515,Pass,Low Risk
502,Retail,2023-01-21 21:00:00,Investment,47.9181877629731,88.22638973273588,Fail,Low Risk
503,Retail,2023-01-21 22:00:00,Investment,2.5642065806435688,78.67644757277867,Fail,Medium Risk
504,Investment Banking,2023-01-21 23:00:00,Insurance,34.12478276261564,97.80235718059666,Pass,Low Risk
505,Wealth Management,2023-01-22 00:00:00,Insurance,38.019561878585705,60.023725776420136,Fail,Medium Risk
506,Retail,2023-01-22 01:00:00,Insurance,39.88227808969005,55.46321051548107,Pass,High Risk
507,Investment Banking,2023-01-22 02:00:00,Mortgage,58.017236922733225,92.69809834777111,Fail,Low Risk
508,Wealth Management,2023-01-22 03:00:00,Investment,53.360254672687844,71.95749083168741,Pass,Medium Risk
509,Investment Banking,2023-01-22 04:00:00,Mortgage,60.79050927934446,92.34844271035303,Fail,Low Risk
510,Corporate,2023-01-22 05:00:00,Mortgage,76.48832615421283,94.65451025977075,Pass,Low Risk
511,Retail,2023-01-22 06:00:00,Insurance,81.29857387160935,53.122879680953574,Pass,High Risk
512,Corporate,2023-01-22 07:00:00,Insurance,71.81230762264944,94.17323814930303,Pass,Low Risk
513,Wealth Management,2023-01-22 08:00:00,Loan,95.55236959549347,72.4159527684711,Fail,Medium Risk
514,Corporate,2023-01-22 09:00:00,Loan,1.823258267636163,75.52162445021162,Fail,Medium Risk
515,Corporate,2023-01-22 10:00:00,Mortgage,19.57779856835461,81.32962555466051,Fail,Low Risk
516,Wealth Management,2023-01-22 11:00:00,Investment,0.756287497814212,96.31913033650434,Fail,Low Risk
517,Investment Banking,2023-01-22 12:00:00,Insurance,64.7474714154603,50.9558047214882,Pass,High Risk
518,Corporate,2023-01-22 13:00:00,Insurance,89.8030548949987,73.84217341589085,Pass,Medium Risk
519,Investment Banking,2023-01-22 14:00:00,Mortgage,24.34822965762993,84.38610212152804,Pass,Low Risk
520,Corporate,2023-01-22 15:00:00,Loan,92.70345447963066,86.13534788491143,Pass,Low Risk
521,Investment Banking,2023-01-22 16:00:00,Investment,6.026739028956085,84.6266215768554,Pass,Low Risk
522,Wealth Management,2023-01-22 17:00:00,Loan,93.44360268055144,56.72175647040609,Pass,High Risk
523,Corporate,2023-01-22 18:00:00,Loan,35.16226872396344,64.96977941858407,Pass,Medium Risk
524,Wealth Management,2023-01-22 19:00:00,Loan,10.142082844921651,67.93577627085068,Pass,Medium Risk
525,Corporate,2023-01-22 20:00:00,Loan,48.58717591863256,90.22186038397524,Pass,Low Risk
526,Wealth Management,2023-01-22 21:00:00,Insurance,25.677656772050796,63.93799362072765,Pass,Medium Risk
527,Wealth Management,2023-01-22 22:00:00,Insurance,28.487290196192284,60.53524819336016,Fail,Medium Risk
528,Corporate,2023-01-22 23:00:00,Loan,30.728996492628657,97.87240095190481,Fail,Low Risk
529,Corporate,2023-01-23 00:00:00,Investment,80.30258978326634,50.443164255673445,Fail,High Risk
530,Corporate,2023-01-23 01:00:00,Mortgage,53.91612766752545,99.89104278409891,Pass,Low Risk
531,Retail,2023-01-23 02:00:00,Investment,31.130769915600364,83.84106494286978,Pass,Low Risk
532,Investment Banking,2023-01-23 03:00:00,Investment,61.03337833109184,91.42346497245586,Fail,Low Risk
533,Retail,2023-01-23 04:00:00,Investment,71.61506742231936,64.73096981730966,Pass,Medium Risk
534,Retail,2023-01-23 05:00:00,Loan,27.262400073353376,50.715763883353,Pass,High Risk
535,Wealth Management,2023-01-23 06:00:00,Insurance,41.354910152535155,86.8934759280765,Pass,Low Risk
536,Corporate,2023-01-23 07:00:00,Investment,12.188609333694755,91.7072298500338,Pass,Low Risk
537,Investment Banking,2023-01-23 08:00:00,Loan,18.11493495346803,87.02380659767596,Pass,Low Risk
538,Wealth Management,2023-01-23 09:00:00,Investment,68.11178539649828,57.14251436504193,Pass,High Risk
539,Retail,2023-01-23 10:00:00,Investment,18.143834769562694,87.67139611284846,Pass,Low Risk
540,Corporate,2023-01-23 11:00:00,Loan,52.516338366706016,88.44613910538206,Pass,Low Risk
541,Wealth Management,2023-01-23 12:00:00,Insurance,70.90462617224327,82.92702578350274,Pass,Low Risk
542,Corporate,2023-01-23 13:00:00,Insurance,10.687692309474384,88.30579663977932,Fail,Low Risk
543,Wealth Management,2023-01-23 14:00:00,Mortgage,56.73122196289035,92.2960719838866,Pass,Low Risk
544,Corporate,2023-01-23 15:00:00,Loan,25.656278370136377,80.68020571187293,Pass,Low Risk
545,Retail,2023-01-23 16:00:00,Mortgage,96.29268752375798,54.430235698483955,Fail,High Risk
546,Investment Banking,2023-01-23 17:00:00,Mortgage,48.35456467199247,74.38139048336055,Pass,Medium Risk
547,Retail,2023-01-23 18:00:00,Mortgage,80.59925497751581,53.88246673358025,Pass,High Risk
548,Investment Banking,2023-01-23 19:00:00,Insurance,55.022654215626176,70.37715155162154,Pass,Medium Risk
549,Corporate,2023-01-23 20:00:00,Loan,4.341253285481916,70.35532445628138,Pass,Medium Risk
550,Wealth Management,2023-01-23 21:00:00,Mortgage,63.31513755940223,53.30049220701208,Pass,High Risk
551,Retail,2023-01-23 22:00:00,Loan,95.14033422066571,67.44102669847396,Fail,Medium Risk
552,Investment Banking,2023-01-23 23:00:00,Loan,60.16118201463312,55.54990493956574,Pass,High Risk
553,Retail,2023-01-24 00:00:00,Insurance,81.91888594267903,90.4117605004611,Pass,Low Risk
554,Investment Banking,2023-01-24 01:00:00,Mortgage,88.42064633484078,97.38440129822354,Pass,Low Risk
555,Retail,2023-01-24 02:00:00,Mortgage,22.807977194893247,53.61582376289693,Pass,High Risk
556,Investment Banking,2023-01-24 03:00:00,Loan,21.204483990822666,97.75576036458507,Pass,Low Risk
557,Investment Banking,2023-01-24 04:00:00,Investment,61.09809888509917,76.12882996683726,Pass,Medium Risk
558,Corporate,2023-01-24 05:00:00,Insurance,41.10284698067047,64.9782838976937,Pass,Medium Risk
559,Investment Banking,2023-01-24 06:00:00,Insurance,83.98613028667204,53.84310376380817,Pass,High Risk
560,Corporate,2023-01-24 07:00:00,Insurance,90.00231233980112,75.0312134035209,Pass,Medium Risk
561,Investment Banking,2023-01-24 08:00:00,Insurance,35.34213793027181,89.72577722453744,Pass,Low Risk
562,Wealth Management,2023-01-24 09:00:00,Mortgage,23.687055897448207,85.35432386333491,Fail,Low Risk
563,Wealth Management,2023-01-24 10:00:00,Mortgage,78.05255152438619,52.51130057319869,Pass,High Risk
564,Wealth Management,2023-01-24 11:00:00,Investment,27.48060355481361,53.645091768395176,Pass,High Risk
565,Investment Banking,2023-01-24 12:00:00,Insurance,82.26143185136785,70.14366413163185,Pass,Medium Risk
566,Corporate,2023-01-24 13:00:00,Insurance,42.37382536487628,64.76452470239717,Pass,Medium Risk
567,Corporate,2023-01-24 14:00:00,Loan,66.75498992914704,61.619216152802395,Pass,Medium Risk
568,Investment Banking,2023-01-24 15:00:00,Mortgage,9.553531383466819,64.05022494543567,Pass,Medium Risk
569,Wealth Management,2023-01-24 16:00:00,Insurance,62.3859324676573,90.17413716484424,Fail,Low Risk
570,Wealth Management,2023-01-24 17:00:00,Investment,45.17676787372291,96.46140268159269,Fail,Low Risk
571,Corporate,2023-01-24 18:00:00,Investment,58.66084631754741,70.25513472637832,Pass,Medium Risk
572,Wealth Management,2023-01-24 19:00:00,Mortgage,16.801420774486342,95.30555010662485,Pass,Low Risk
573,Retail,2023-01-24 20:00:00,Investment,73.68737449441821,66.0747850623941,Fail,Medium Risk
574,Corporate,2023-01-24 21:00:00,Investment,86.27970775432286,73.82184931718959,Fail,Medium Risk
575,Wealth Management,2023-01-24 22:00:00,Mortgage,21.673980009077564,61.30144989079999,Fail,Medium Risk
576,Corporate,2023-01-24 23:00:00,Insurance,9.571455552016172,82.0238021087922,Pass,Low Risk
577,Retail,2023-01-25 00:00:00,Insurance,2.3638586046336396,98.94905575874044,Pass,Low Risk
578,Corporate,2023-01-25 01:00:00,Investment,64.1971500443266,80.17465480216893,Pass,Low Risk
579,Corporate,2023-01-25 02:00:00,Investment,60.70940360887808,67.89070420567745,Pass,Medium Risk
580,Corporate,2023-01-25 03:00:00,Insurance,54.669741271407005,82.39087229952642,Pass,Low Risk
581,Corporate,2023-01-25 04:00:00,Mortgage,23.194709611597542,56.14603392326938,Pass,High Risk
582,Retail,2023-01-25 05:00:00,Investment,39.09059959055147,94.43295401326993,Fail,Low Risk
583,Investment Banking,2023-01-25 06:00:00,Loan,59.4476335186173,75.15419753899181,Pass,Medium Risk
584,Corporate,2023-01-25 07:00:00,Mortgage,49.67668588591694,72.4674871019821,Fail,Medium Risk
585,Corporate,2023-01-25 08:00:00,Investment,98.77855202148874,79.29323942267595,Pass,Medium Risk
586,Wealth Management,2023-01-25 09:00:00,Investment,13.643975255673313,81.23919313947013,Pass,Low Risk
587,Corporate,2023-01-25 10:00:00,Loan,69.51445540475937,53.58879031132565,Pass,High Risk
588,Wealth Management,2023-01-25 11:00:00,Loan,40.431876810429216,84.13086106117012,Fail,Low Risk
589,Investment Banking,2023-01-25 12:00:00,Insurance,42.819961492561475,62.09658401577648,Pass,Medium Risk
590,Retail,2023-01-25 13:00:00,Mortgage,71.75977656581762,85.69763162532949,Pass,Low Risk
591,Retail,2023-01-25 14:00:00,Mortgage,69.24361513243696,91.12673971920984,Fail,Low Risk
592,Investment Banking,2023-01-25 15:00:00,Insurance,99.12559937021884,90.197925377626,Pass,Low Risk
593,Retail,2023-01-25 16:00:00,Mortgage,12.839428945412523,77.62504837039445,Pass,Medium Risk
594,Investment Banking,2023-01-25 17:00:00,Mortgage,10.410964938416633,76.00849461553756,Pass,Medium Risk
595,Investment Banking,2023-01-25 18:00:00,Mortgage,72.43388171287411,57.14379806697059,Pass,High Risk
596,Investment Banking,2023-01-25 19:00:00,Mortgage,57.83869170064091,88.76730752015678,Pass,Low Risk
597,Retail,2023-01-25 20:00:00,Mortgage,27.416066655980586,63.570469022335715,Pass,Medium Risk
598,Wealth Management,2023-01-25 21:00:00,Loan,7.9419368988986605,74.83477114089733,Pass,Medium Risk
599,Investment Banking,2023-01-25 22:00:00,Mortgage,8.565824959643054,64.21370464637583,Pass,Medium Risk
600,Corporate,2023-01-25 23:00:00,Loan,89.41908746641182,56.691418149984656,Pass,High Risk
601,Retail,2023-01-26 00:00:00,Mortgage,19.18673247187429,81.47788484458682,Pass,Low Risk
602,Investment Banking,2023-01-26 01:00:00,Insurance,32.33715621155208,52.71660174114519,Pass,High Risk
603,Investment Banking,2023-01-26 02:00:00,Investment,22.6656402226988,87.43226170631,Pass,Low Risk
604,Corporate,2023-01-26 03:00:00,Loan,35.49963058319373,65.87933976305584,Pass,Medium Risk
605,Wealth Management,2023-01-26 04:00:00,Mortgage,6.942384274609337,50.00673465022427,Pass,High Risk
606,Wealth Management,2023-01-26 05:00:00,Insurance,51.90597909082704,75.55645696186149,Pass,Medium Risk
607,Wealth Management,2023-01-26 06:00:00,Investment,6.76125635922149,52.34259542638016,Fail,High Risk
608,Investment Banking,2023-01-26 07:00:00,Loan,80.03565078223616,63.80847789104497,Pass,Medium Risk
609,Investment Banking,2023-01-26 08:00:00,Investment,23.3712081910433,85.3488243727858,Fail,Low Risk
610,Investment Banking,2023-01-26 09:00:00,Insurance,54.00119146045106,53.13448108109329,Fail,High Risk
611,Retail,2023-01-26 10:00:00,Loan,88.00790875614582,91.96692461780012,Pass,Low Risk
612,Corporate,2023-01-26 11:00:00,Investment,65.08773690471942,50.19099613292916,Pass,High Risk
613,Investment Banking,2023-01-26 12:00:00,Mortgage,53.29577865513353,62.34119346009511,Pass,Medium Risk
614,Corporate,2023-01-26 13:00:00,Loan,32.43337531153756,87.04520280760357,Fail,Low Risk
615,Corporate,2023-01-26 14:00:00,Investment,33.300191305819794,65.81350748646534,Pass,Medium Risk
616,Wealth Management,2023-01-26 15:00:00,Insurance,66.94869551981901,55.094619403300676,Pass,High Risk
617,Retail,2023-01-26 16:00:00,Insurance,99.41393612211675,68.0116959400214,Pass,Medium Risk
618,Investment Banking,2023-01-26 17:00:00,Loan,66.18391898493786,63.51966431922628,Fail,Medium Risk
619,Wealth Management,2023-01-26 18:00:00,Investment,55.77834173700249,92.13559510802774,Fail,Low Risk
620,Wealth Management,2023-01-26 19:00:00,Loan,73.06505102392461,65.66739587925716,Pass,Medium Risk
621,Investment Banking,2023-01-26 20:00:00,Loan,46.52056122837182,89.44662358880036,Pass,Low Risk
622,Corporate,2023-01-26 21:00:00,Investment,6.0142342600785215,94.59360724053673,Pass,Low Risk
623,Wealth Management,2023-01-26 22:00:00,Investment,56.22968158779098,71.69087097882648,Pass,Medium Risk
624,Corporate,2023-01-26 23:00:00,Mortgage,95.76252845053801,95.4971571927196,Fail,Low Risk
625,Retail,2023-01-27 00:00:00,Investment,17.530294235765965,68.86590269815964,Pass,Medium Risk
626,Corporate,2023-01-27 01:00:00,Insurance,69.00048908206658,98.20392082450542,Pass,Low Risk
627,Retail,2023-01-27 02:00:00,Loan,20.093368865905646,54.46447622627865,Pass,High Risk
628,Corporate,2023-01-27 03:00:00,Loan,53.582768447308126,84.35096332516213,Fail,Low Risk
629,Wealth Management,2023-01-27 04:00:00,Insurance,9.667644964671961,74.69070202284644,Fail,Medium Risk
630,Wealth Management,2023-01-27 05:00:00,Investment,45.037093625818514,69.38244027278236,Pass,Medium Risk
631,Retail,2023-01-27 06:00:00,Insurance,75.61633288952461,81.63559393743004,Fail,Low Risk
632,Investment Banking,2023-01-27 07:00:00,Insurance,34.757152423898205,85.19285458171656,Pass,Low Risk
633,Retail,2023-01-27 08:00:00,Mortgage,66.4911724487218,50.21816348251546,Pass,High Risk
634,Retail,2023-01-27 09:00:00,Insurance,79.54499607897291,58.347654437359935,Pass,High Risk
635,Corporate,2023-01-27 10:00:00,Loan,92.71778194794527,85.65230253171593,Pass,Low Risk
636,Corporate,2023-01-27 11:00:00,Insurance,23.464208185545353,83.31927067891033,Pass,Low Risk
637,Retail,2023-01-27 12:00:00,Loan,39.931591580930814,98.30237525643386,Fail,Low Risk
638,Wealth Management,2023-01-27 13:00:00,Loan,15.241601333041743,88.05188951253915,Pass,Low Risk
639,Corporate,2023-01-27 14:00:00,Loan,99.24835021583752,97.53863538656691,Pass,Low Risk
640,Investment Banking,2023-01-27 15:00:00,Investment,92.70009679242953,85.12702507674035,Pass,Low Risk
641,Corporate,2023-01-27 16:00:00,Mortgage,53.99571302805596,64.90261043197216,Pass,Medium Risk
642,Corporate,2023-01-27 17:00:00,Loan,84.20332943764213,55.268246112542826,Fail,High Risk
643,Investment Banking,2023-01-27 18:00:00,Loan,52.09579772720422,89.09119316724679,Pass,Low Risk
644,Retail,2023-01-27 19:00:00,Investment,62.35856880027597,82.2074610737958,Pass,Low Risk
645,Investment Banking,2023-01-27 20:00:00,Loan,8.912443211601662,52.40930061966481,Fail,High Risk
646,Retail,2023-01-27 21:00:00,Insurance,75.52704204968079,68.00252329504892,Pass,Medium Risk
647,Retail,2023-01-27 22:00:00,Insurance,12.771348363523483,97.8399907742143,Pass,Low Risk
648,Retail,2023-01-27 23:00:00,Mortgage,82.60676302525283,75.02005728551006,Pass,Medium Risk
649,Investment Banking,2023-01-28 00:00:00,Loan,78.20280876703859,71.63645680098523,Pass,Medium Risk
650,Retail,2023-01-28 01:00:00,Investment,70.87446977429764,72.8849802579647,Fail,Medium Risk
651,Wealth Management,2023-01-28 02:00:00,Insurance,3.6160380524762115,60.444136200258185,Fail,Medium Risk
652,Investment Banking,2023-01-28 03:00:00,Investment,30.31283559453286,68.43535854323976,Pass,Medium Risk
653,Wealth Management,2023-01-28 04:00:00,Investment,26.311256991084285,68.49066279935883,Fail,Medium Risk
654,Retail,2023-01-28 05:00:00,Insurance,36.01364074715191,52.61775100937362,Pass,High Risk
655,Corporate,2023-01-28 06:00:00,Investment,8.764274676383854,88.37838142589591,Pass,Low Risk
656,Retail,2023-01-28 07:00:00,Insurance,93.69578230310628,70.82522159519395,Pass,Medium Risk
657,Wealth Management,2023-01-28 08:00:00,Investment,55.38022407123763,91.10899434082117,Pass,Low Risk
658,Wealth Management,2023-01-28 09:00:00,Insurance,30.552431065802356,92.51740005599477,Pass,Low Risk
659,Investment Banking,2023-01-28 10:00:00,Loan,39.698151707428345,60.599702734932904,Pass,Medium Risk
660,Corporate,2023-01-28 11:00:00,Mortgage,44.72025405048357,82.86767410850644,Fail,Low Risk
661,Investment Banking,2023-01-28 12:00:00,Insurance,60.05943333606173,73.6140902081491,Pass,Medium Risk
662,Wealth Management,2023-01-28 13:00:00,Insurance,51.567942769649775,94.00783689607425,Pass,Low Risk
663,Retail,2023-01-28 14:00:00,Mortgage,91.93919732144174,60.787033958822704,Pass,Medium Risk
664,Corporate,2023-01-28 15:00:00,Insurance,49.696348290583025,83.89066001550222,Pass,Low Risk
665,Retail,2023-01-28 16:00:00,Insurance,99.21580148233127,80.38760611263612,Pass,Low Risk
666,Retail,2023-01-28 17:00:00,Investment,85.14249577450957,64.76507387859164,Pass,Medium Risk
667,Corporate,2023-01-28 18:00:00,Mortgage,20.85105143573358,56.83004518255863,Fail,High Risk
668,Investment Banking,2023-01-28 19:00:00,Loan,93.05952146439162,82.58198802386383,Pass,Low Risk
669,Retail,2023-01-28 20:00:00,Insurance,11.636639788547608,86.92987290661654,Pass,Low Risk
670,Wealth Management,2023-01-28 21:00:00,Mortgage,81.74497084911916,65.78136718816751,Pass,Medium Risk
671,Retail,2023-01-28 22:00:00,Investment,38.06232934765801,82.2416302011157,Pass,Low Risk
672,Corporate,2023-01-28 23:00:00,Loan,87.79743204450695,69.75654538057516,Pass,Medium Risk
673,Corporate,2023-01-29 00:00:00,Mortgage,86.80566901074504,85.66034416413089,Pass,Low Risk
674,Corporate,2023-01-29 01:00:00,Loan,80.59254001176211,59.96076374470265,Pass,High Risk
675,Investment Banking,2023-01-29 02:00:00,Loan,79.00304363070614,94.51075013180872,Pass,Low Risk
676,Retail,2023-01-29 03:00:00,Loan,30.46791390980408,64.37047982327898,Pass,Medium Risk
677,Investment Banking,2023-01-29 04:00:00,Insurance,8.091928305125219,68.38929938780765,Pass,Medium Risk
678,Investment Banking,2023-01-29 05:00:00,Insurance,40.29801787651615,52.90459760401749,Pass,High Risk
679,Corporate,2023-01-29 06:00:00,Investment,17.35245149865087,55.57561061606382,Fail,High Risk
680,Corporate,2023-01-29 07:00:00,Investment,69.49510889024617,75.7930951356164,Pass,Medium Risk
681,Investment Banking,2023-01-29 08:00:00,Mortgage,34.609972653778556,63.379633836398575,Fail,Medium Risk
682,Retail,2023-01-29 09:00:00,Investment,97.56102008599149,91.77401128710972,Pass,Low Risk
683,Wealth Management,2023-01-29 10:00:00,Loan,64.0972077345332,50.734669432747694,Fail,High Risk
684,Investment Banking,2023-01-29 11:00:00,Loan,82.24805636343609,68.95470243359681,Pass,Medium Risk
685,Retail,2023-01-29 12:00:00,Insurance,13.252467274184843,66.86727733845464,Pass,Medium Risk
686,Corporate,2023-01-29 13:00:00,Loan,86.20144822726226,50.966381545880054,Pass,High Risk
687,Corporate,2023-01-29 14:00:00,Mortgage,92.27571905133944,56.21841995002551,Fail,High Risk
688,Retail,2023-01-29 15:00:00,Loan,48.70619188189359,70.68213374593176,Pass,Medium Risk
689,Wealth Management,2023-01-29 16:00:00,Loan,60.625293775097745,74.64322922237233,Pass,Medium Risk
690,Corporate,2023-01-29 17:00:00,Mortgage,76.48098009029954,70.21448736274345,Pass,Medium Risk
691,Corporate,2023-01-29 18:00:00,Investment,17.483862726041256,76.5468839206047,Fail,Medium Risk
692,Corporate,2023-01-29 19:00:00,Investment,50.25660764634424,79.75658374528408,Pass,Medium Risk
693,Retail,2023-01-29 20:00:00,Mortgage,39.86630277723131,50.49619105639178,Fail,High Risk
694,Investment Banking,2023-01-29 21:00:00,Insurance,14.63739921622491,73.2047579726752,Pass,Medium Risk
695,Corporate,2023-01-29 22:00:00,Loan,36.753442229153144,98.17496204437941,Pass,Low Risk
696,Investment Banking,2023-01-29 23:00:00,Mortgage,6.817230938549357,75.95161400647743,Pass,Medium Risk
697,Wealth Management,2023-01-30 00:00:00,Loan,2.5811906949486985,83.87711337294766,Fail,Low Risk
698,Corporate,2023-01-30 01:00:00,Insurance,13.516628915482276,65.59319289584415,Pass,Medium Risk
699,Corporate,2023-01-30 02:00:00,Loan,96.31151115891738,88.69956890763812,Fail,Low Risk
700,Wealth Management,2023-01-30 03:00:00,Mortgage,54.952953589501696,88.64607409380575,Pass,Low Risk
701,Corporate,2023-01-30 04:00:00,Loan,96.582216115322,76.06480238270694,Pass,Medium Risk
702,Investment Banking,2023-01-30 05:00:00,Investment,43.2497878330132,98.80069116396068,Pass,Low Risk
703,Retail,2023-01-30 06:00:00,Insurance,31.181613308525957,56.27751073813267,Pass,High Risk
704,Investment Banking,2023-01-30 07:00:00,Insurance,50.61418628402441,50.84738324447905,Fail,High Risk
705,Retail,2023-01-30 08:00:00,Insurance,43.95116886329101,88.50791058785481,Fail,Low Risk
706,Retail,2023-01-30 09:00:00,Mortgage,10.566468426174392,90.35777686824413,Fail,Low Risk
707,Investment Banking,2023-01-30 10:00:00,Insurance,64.08263146902063,56.01036145602881,Pass,High Risk
708,Investment Banking,2023-01-30 11:00:00,Investment,21.60381825095996,63.2791416479303,Pass,Medium Risk
709,Investment Banking,2023-01-30 12:00:00,Mortgage,61.95879548978296,50.877618168331445,Pass,High Risk
710,Investment Banking,2023-01-30 13:00:00,Investment,65.02010923981534,64.66543053902824,Fail,Medium Risk
711,Wealth Management,2023-01-30 14:00:00,Loan,15.20248531286481,88.65709369593358,Pass,Low Risk
712,Corporate,2023-01-30 15:00:00,Loan,6.134962711066816,75.89802638562895,Pass,Medium Risk
713,Retail,2023-01-30 16:00:00,Loan,78.07615860684398,67.40477965841441,Pass,Medium Risk
714,Investment Banking,2023-01-30 17:00:00,Loan,45.98004237693202,68.58696474531652,Pass,Medium Risk
715,Investment Banking,2023-01-30 18:00:00,Investment,5.816379550547579,50.06768128577341,Fail,High Risk
716,Investment Banking,2023-01-30 19:00:00,Mortgage,99.48663171697672,64.9900263782618,Pass,Medium Risk
717,Wealth Management,2023-01-30 20:00:00,Mortgage,5.778056099636664,82.32293708189653,Pass,Low Risk
718,Investment Banking,2023-01-30 21:00:00,Insurance,69.50352288585532,98.70972219081786,Pass,Low Risk
719,Investment Banking,2023-01-30 22:00:00,Investment,98.36789252634136,92.35304134919497,Pass,Low Risk
720,Investment Banking,2023-01-30 23:00:00,Loan,23.918010421592562,51.17974823227646,Pass,High Risk
721,Corporate,2023-01-31 00:00:00,Investment,14.224936868719617,94.92803023374196,Pass,Low Risk
722,Wealth Management,2023-01-31 01:00:00,Insurance,12.138493942242889,89.15992066493129,Fail,Low Risk
723,Investment Banking,2023-01-31 02:00:00,Insurance,30.327514756759555,89.01880617854903,Fail,Low Risk
724,Retail,2023-01-31 03:00:00,Investment,10.10458110106467,72.89978795017858,Pass,Medium Risk
725,Retail,2023-01-31 04:00:00,Investment,69.2161341694132,69.90026464772514,Pass,Medium Risk
726,Retail,2023-01-31 05:00:00,Investment,6.229179813006269,65.14578644165962,Fail,Medium Risk
727,Wealth Management,2023-01-31 06:00:00,Mortgage,50.94221281497897,53.284742947718286,Pass,High Risk
728,Wealth Management,2023-01-31 07:00:00,Loan,99.66968538529768,61.41176817468495,Pass,Medium Risk
729,Retail,2023-01-31 08:00:00,Investment,81.39702695060188,62.33018174890123,Pass,Medium Risk
730,Investment Banking,2023-01-31 09:00:00,Investment,61.52194382310109,74.20385348551008,Pass,Medium Risk
731,Wealth Management,2023-01-31 10:00:00,Investment,30.625362078661166,87.3722203298347,Pass,Low Risk
732,Retail,2023-01-31 11:00:00,Insurance,62.389583629163845,73.69049141989733,Fail,Medium Risk
733,Retail,2023-01-31 12:00:00,Insurance,52.70414639116516,52.89222247235803,Pass,High Risk
734,Investment Banking,2023-01-31 13:00:00,Mortgage,42.60833838903715,97.8894900494102,Pass,Low Risk
735,Corporate,2023-01-31 14:00:00,Loan,13.071037674019948,97.13621595470562,Pass,Low Risk
736,Wealth Management,2023-01-31 15:00:00,Mortgage,88.66042152404667,89.25947715742042,Pass,Low Risk
737,Investment Banking,2023-01-31 16:00:00,Loan,44.97846488213225,99.56639507821103,Pass,Low Risk
738,Retail,2023-01-31 17:00:00,Insurance,19.462251182076507,77.22411664001315,Fail,Medium Risk
739,Retail,2023-01-31 18:00:00,Insurance,36.77593508772896,98.13841751266031,Fail,Low Risk
740,Investment Banking,2023-01-31 19:00:00,Insurance,41.4129752528927,53.78025203083754,Pass,High Risk
741,Wealth Management,2023-01-31 20:00:00,Mortgage,82.75378955668742,68.28403741306857,Fail,Medium Risk
742,Corporate,2023-01-31 21:00:00,Investment,73.3614380561402,61.26906340033829,Fail,Medium Risk
743,Corporate,2023-01-31 22:00:00,Investment,76.93048936413398,59.7916542067135,Fail,High Risk
744,Retail,2023-01-31 23:00:00,Insurance,1.1031264428647214,57.0401474446338,Pass,High Risk
745,Wealth Management,2023-02-01 00:00:00,Investment,41.615399817976154,81.12068207829984,Pass,Low Risk
746,Corporate,2023-02-01 01:00:00,Investment,48.13441516353236,89.06609278736525,Pass,Low Risk
747,Wealth Management,2023-02-01 02:00:00,Mortgage,1.9192276823056686,78.91491997101804,Pass,Medium Risk
748,Wealth Management,2023-02-01 03:00:00,Loan,25.98132087450342,57.34813547941049,Pass,High Risk
749,Retail,2023-02-01 04:00:00,Insurance,76.0289823122135,90.55618849667354,Pass,Low Risk
750,Corporate,2023-02-01 05:00:00,Insurance,13.710970572899905,81.79773535818643,Fail,Low Risk
751,Investment Banking,2023-02-01 06:00:00,Mortgage,53.531013145259166,69.40828530634977,Fail,Medium Risk
752,Retail,2023-02-01 07:00:00,Mortgage,21.52018720172375,83.70651477680315,Fail,Low Risk
753,Corporate,2023-02-01 08:00:00,Investment,1.2120774643893273,62.995248962141645,Pass,Medium Risk
754,Corporate,2023-02-01 09:00:00,Insurance,24.12014575995415,67.25961042471053,Pass,Medium Risk
755,Corporate,2023-02-01 10:00:00,Loan,97.58737549100537,95.87429215659951,Pass,Low Risk
756,Corporate,2023-02-01 11:00:00,Mortgage,80.15371118829896,64.52522528357102,Pass,Medium Risk
757,Corporate,2023-02-01 12:00:00,Loan,95.95766443210334,73.49941340789684,Pass,Medium Risk
758,Wealth Management,2023-02-01 13:00:00,Loan,48.785404392636245,94.50705686980073,Pass,Low Risk
759,Retail,2023-02-01 14:00:00,Insurance,10.973619867750351,85.38606751337637,Pass,Low Risk
760,Wealth Management,2023-02-01 15:00:00,Insurance,54.79594889736929,53.110161308235135,Fail,High Risk
761,Investment Banking,2023-02-01 16:00:00,Mortgage,45.43773345599609,57.36515221394852,Pass,High Risk
762,Corporate,2023-02-01 17:00:00,Insurance,84.4357082739616,50.392079538595844,Pass,High Risk
763,Retail,2023-02-01 18:00:00,Insurance,9.808258078424458,81.54608951145818,Pass,Low Risk
764,Corporate,2023-02-01 19:00:00,Insurance,48.82411370217782,72.38367127052092,Pass,Medium Risk
765,Retail,2023-02-01 20:00:00,Loan,15.004866469398426,56.713742545113774,Pass,High Risk
766,Wealth Management,2023-02-01 21:00:00,Mortgage,32.467592689006,97.89670605283852,Pass,Low Risk
767,Retail,2023-02-01 22:00:00,Investment,73.73570773877996,76.482986197281,Pass,Medium Risk
768,Investment Banking,2023-02-01 23:00:00,Loan,47.601812936876655,62.09466470564446,Pass,Medium Risk
769,Investment Banking,2023-02-02 00:00:00,Insurance,37.58882851457693,75.03017855773538,Pass,Medium Risk
770,Retail,2023-02-02 01:00:00,Loan,39.44762785700353,83.98101663675538,Pass,Low Risk
771,Retail,2023-02-02 02:00:00,Insurance,45.94467684059866,53.81196089867822,Pass,High Risk
772,Retail,2023-02-02 03:00:00,Insurance,78.50165438370568,63.7351907523946,Fail,Medium Risk
773,Retail,2023-02-02 04:00:00,Loan,89.20846889402344,90.34827454419968,Pass,Low Risk
774,Investment Banking,2023-02-02 05:00:00,Mortgage,95.53346865039283,72.98324352013306,Pass,Medium Risk
775,Corporate,2023-02-02 06:00:00,Insurance,78.6903386255295,77.32885710161474,Pass,Medium Risk
776,Retail,2023-02-02 07:00:00,Mortgage,31.540689574801274,71.64080011047346,Fail,Medium Risk
777,Retail,2023-02-02 08:00:00,Investment,68.81347060865421,52.194997132150256,Fail,High Risk
778,Investment Banking,2023-02-02 09:00:00,Insurance,43.760312405539196,58.2874889910078,Pass,High Risk
779,Investment Banking,2023-02-02 10:00:00,Mortgage,25.467062204605117,72.27708193709455,Pass,Medium Risk
780,Wealth Management,2023-02-02 11:00:00,Mortgage,84.08715794259226,60.459273270396395,Fail,Medium Risk
781,Retail,2023-02-02 12:00:00,Investment,3.8426348962324997,52.49895143298394,Pass,High Risk
782,Wealth Management,2023-02-02 13:00:00,Mortgage,90.17619921354235,92.18248320259119,Pass,Low Risk
783,Investment Banking,2023-02-02 14:00:00,Mortgage,46.147746462473414,99.0596264582058,Pass,Low Risk
784,Investment Banking,2023-02-02 15:00:00,Investment,63.72014768082804,89.65714369983698,Fail,Low Risk
785,Corporate,2023-02-02 16:00:00,Insurance,65.93539222057827,92.68924608523335,Fail,Low Risk
786,Retail,2023-02-02 17:00:00,Mortgage,89.51177407065364,62.09885651585227,Pass,Medium Risk
787,Wealth Management,2023-02-02 18:00:00,Mortgage,63.66696821672073,98.03134877565998,Pass,Low Risk
788,Investment Banking,2023-02-02 19:00:00,Mortgage,61.39335847600618,59.84628522267142,Pass,High Risk
789,Investment Banking,2023-02-02 20:00:00,Loan,6.665204056068996,97.57149051809162,Pass,Low Risk
790,Wealth Management,2023-02-02 21:00:00,Investment,51.84080219452041,99.74096469829755,Fail,Low Risk
791,Corporate,2023-02-02 22:00:00,Loan,15.016900081704165,85.58614028730244,Pass,Low Risk
792,Investment Banking,2023-02-02 23:00:00,Investment,73.74337687214856,99.0571865895911,Pass,Low Risk
793,Retail,2023-02-03 00:00:00,Insurance,51.22219208126745,78.47698897835518,Pass,Medium Risk
794,Investment Banking,2023-02-03 01:00:00,Insurance,68.02277792083532,62.97708915880452,Pass,Medium Risk
795,Retail,2023-02-03 02:00:00,Mortgage,4.167290060238427,71.84979428328104,Pass,Medium Risk
796,Wealth Management,2023-02-03 03:00:00,Investment,8.479201604580322,79.6780467689393,Pass,Medium Risk
797,Retail,2023-02-03 04:00:00,Insurance,71.63233880626822,53.65407810135075,Pass,High Risk
798,Wealth Management,2023-02-03 05:00:00,Investment,7.208433599867337,81.1171632308623,Pass,Low Risk
799,Retail,2023-02-03 06:00:00,Insurance,7.12567277652586,99.05889183811473,Pass,Low Risk
800,Wealth Management,2023-02-03 07:00:00,Loan,1.210847523488745,59.50538248918638,Pass,High Risk
801,Retail,2023-02-03 08:00:00,Insurance,95.65013982994802,89.62975581441916,Pass,Low Risk
802,Corporate,2023-02-03 09:00:00,Loan,73.75083594590069,95.39493968898097,Fail,Low Risk
803,Retail,2023-02-03 10:00:00,Insurance,35.32514085020642,97.18507964101104,Fail,Low Risk
804,Retail,2023-02-03 11:00:00,Mortgage,29.65355812876552,98.00678022027236,Fail,Low Risk
805,Corporate,2023-02-03 12:00:00,Loan,34.97032297458495,76.0729819360736,Pass,Medium Risk
806,Investment Banking,2023-02-03 13:00:00,Insurance,77.46535311811819,98.86539539957519,Fail,Low Risk
807,Investment Banking,2023-02-03 14:00:00,Mortgage,66.13706110704143,87.86551035672194,Pass,Low Risk
808,Retail,2023-02-03 15:00:00,Loan,18.519556786746794,58.083571811848095,Pass,High Risk
809,Corporate,2023-02-03 16:00:00,Mortgage,17.410933533408436,73.8450053233985,Pass,Medium Risk
810,Retail,2023-02-03 17:00:00,Investment,9.839564971339732,85.9165587686002,Pass,Low Risk
811,Wealth Management,2023-02-03 18:00:00,Investment,66.03027197013381,62.36701579095417,Pass,Medium Risk
812,Wealth Management,2023-02-03 19:00:00,Loan,76.43726622217359,82.03075917744437,Pass,Low Risk
813,Retail,2023-02-03 20:00:00,Insurance,26.5046428325004,83.33002395233096,Pass,Low Risk
814,Investment Banking,2023-02-03 21:00:00,Loan,2.094496103091281,58.13498719042829,Pass,High Risk
815,Investment Banking,2023-02-03 22:00:00,Mortgage,8.217166747642734,78.25426562263782,Pass,Medium Risk
816,Retail,2023-02-03 23:00:00,Insurance,96.78600348450304,88.58134554893039,Pass,Low Risk
817,Retail,2023-02-04 00:00:00,Investment,29.544477747742025,74.9447832267971,Pass,Medium Risk
818,Wealth Management,2023-02-04 01:00:00,Insurance,76.92231478381336,50.60515583880537,Fail,High Risk
819,Investment Banking,2023-02-04 02:00:00,Investment,62.46635688542638,50.45192345396461,Fail,High Risk
820,Retail,2023-02-04 03:00:00,Insurance,38.19396396528959,67.85146719850061,Pass,Medium Risk
821,Wealth Management,2023-02-04 04:00:00,Insurance,20.56872621955551,96.30970342158909,Pass,Low Risk
822,Investment Banking,2023-02-04 05:00:00,Insurance,12.138641815940643,61.43383898018044,Pass,Medium Risk
823,Corporate,2023-02-04 06:00:00,Mortgage,61.50129680388666,81.71818444358436,Fail,Low Risk
824,Wealth Management,2023-02-04 07:00:00,Mortgage,77.4633780637788,61.103793534666025,Pass,Medium Risk
825,Investment Banking,2023-02-04 08:00:00,Loan,64.39042535411306,66.08349948297743,Pass,Medium Risk
826,Investment Banking,2023-02-04 09:00:00,Loan,53.030213324915835,92.4021044800742,Pass,Low Risk
827,Wealth Management,2023-02-04 10:00:00,Investment,4.195122343163627,86.44307211349735,Pass,Low Risk
828,Corporate,2023-02-04 11:00:00,Mortgage,96.84887775943838,54.76996386566053,Pass,High Risk
829,Wealth Management,2023-02-04 12:00:00,Investment,79.87141916545745,71.43510104932167,Fail,Medium Risk
830,Investment Banking,2023-02-04 13:00:00,Loan,29.282203670096475,51.458488182263224,Pass,High Risk
831,Retail,2023-02-04 14:00:00,Investment,97.99703293588506,74.04450733015045,Pass,Medium Risk
832,Retail,2023-02-04 15:00:00,Loan,60.18815896363221,83.1217005850534,Fail,Low Risk
833,Wealth Management,2023-02-04 16:00:00,Mortgage,58.24226582072465,55.92513117990758,Fail,High Risk
834,Investment Banking,2023-02-04 17:00:00,Insurance,74.8073179429532,64.44424694545829,Pass,Medium Risk
835,Retail,2023-02-04 18:00:00,Mortgage,81.17697880901376,69.89183127510785,Pass,Medium Risk
836,Investment Banking,2023-02-04 19:00:00,Investment,65.64786073315027,95.97655123280248,Pass,Low Risk
837,Wealth Management,2023-02-04 20:00:00,Investment,12.809574636620003,99.66275077114821,Fail,Low Risk
838,Retail,2023-02-04 21:00:00,Mortgage,33.82675059944984,52.24556494978079,Pass,High Risk
839,Investment Banking,2023-02-04 22:00:00,Mortgage,92.80836403260497,88.0503961747696,Fail,Low Risk
840,Retail,2023-02-04 23:00:00,Loan,22.461561184385193,68.58620332011716,Pass,Medium Risk
841,Wealth Management,2023-02-05 00:00:00,Investment,37.21670238375133,69.622909311474,Pass,Medium Risk
842,Investment Banking,2023-02-05 01:00:00,Investment,43.2076882944196,87.71324866735114,Pass,Low Risk
843,Retail,2023-02-05 02:00:00,Mortgage,43.940498969445215,95.92132160727044,Pass,Low Risk
844,Wealth Management,2023-02-05 03:00:00,Insurance,61.29395824945255,97.54642972512741,Pass,Low Risk
845,Retail,2023-02-05 04:00:00,Investment,94.30758377447076,78.85612930191604,Pass,Medium Risk
846,Retail,2023-02-05 05:00:00,Insurance,24.069271183250496,67.85605796502514,Pass,Medium Risk
847,Corporate,2023-02-05 06:00:00,Mortgage,12.150137630091805,89.37745429293896,Fail,Low Risk
848,Corporate,2023-02-05 07:00:00,Mortgage,19.747048985993732,62.55006916311501,Pass,Medium Risk
849,Wealth Management,2023-02-05 08:00:00,Loan,88.69249002092695,78.20370144167589,Pass,Medium Risk
850,Corporate,2023-02-05 09:00:00,Investment,64.5810812655206,67.92892307624366,Pass,Medium Risk
851,Wealth Management,2023-02-05 10:00:00,Insurance,28.590678923916013,82.8315536853938,Pass,Low Risk
852,Corporate,2023-02-05 11:00:00,Loan,81.59469389686173,62.019945644675346,Pass,Medium Risk
853,Retail,2023-02-05 12:00:00,Investment,86.1369996363436,59.57964728674129,Pass,High Risk
854,Wealth Management,2023-02-05 13:00:00,Loan,84.6514338690278,95.91195433377186,Fail,Low Risk
855,Wealth Management,2023-02-05 14:00:00,Mortgage,91.89265336395545,55.09018414747685,Pass,High Risk
856,Retail,2023-02-05 15:00:00,Investment,25.224102017336158,75.29789538674657,Pass,Medium Risk
857,Wealth Management,2023-02-05 16:00:00,Loan,75.50419287462783,61.04263914815044,Pass,Medium Risk
858,Wealth Management,2023-02-05 17:00:00,Loan,46.053949727414,51.94649816628337,Pass,High Risk
859,Corporate,2023-02-05 18:00:00,Insurance,84.19985528900615,51.80094091457132,Pass,High Risk
860,Wealth Management,2023-02-05 19:00:00,Loan,72.84906771616131,58.76108860529136,Fail,High Risk
861,Investment Banking,2023-02-05 20:00:00,Investment,77.64474464997247,93.33851772530002,Fail,Low Risk
862,Retail,2023-02-05 21:00:00,Investment,65.61618376810715,64.12393719885134,Pass,Medium Risk
863,Corporate,2023-02-05 22:00:00,Insurance,17.742876946970686,97.52295852876479,Pass,Low Risk
864,Corporate,2023-02-05 23:00:00,Investment,54.502691889693835,79.08111464945968,Pass,Medium Risk
865,Investment Banking,2023-02-06 00:00:00,Mortgage,98.46697395245081,71.8307094884383,Pass,Medium Risk
866,Retail,2023-02-06 01:00:00,Investment,93.73880664971189,79.00444173347273,Pass,Medium Risk
867,Retail,2023-02-06 02:00:00,Investment,4.317373579701167,75.83491926131339,Pass,Medium Risk
868,Corporate,2023-02-06 03:00:00,Loan,16.481481572943714,87.93881268786626,Pass,Low Risk
869,Wealth Management,2023-02-06 04:00:00,Loan,13.172877345456191,64.12480329864262,Pass,Medium Risk
870,Corporate,2023-02-06 05:00:00,Investment,72.59799099852955,67.65251958001512,Pass,Medium Risk
871,Retail,2023-02-06 06:00:00,Insurance,81.77853298569451,94.70471512666253,Pass,Low Risk
872,Investment Banking,2023-02-06 07:00:00,Loan,21.35113663106719,97.32282565752027,Pass,Low Risk
873,Corporate,2023-02-06 08:00:00,Insurance,50.5852692951829,94.62791137432373,Pass,Low Risk
874,Retail,2023-02-06 09:00:00,Investment,84.07030280112,70.97239969786568,Fail,Medium Risk
875,Corporate,2023-02-06 10:00:00,Investment,73.28015447662506,89.01827515034408,Pass,Low Risk
876,Wealth Management,2023-02-06 11:00:00,Mortgage,54.223720549184826,73.81678666505493,Pass,Medium Risk
877,Corporate,2023-02-06 12:00:00,Loan,59.03476904587729,74.87699260730511,Pass,Medium Risk
878,Corporate,2023-02-06 13:00:00,Investment,50.83605469162799,60.234005452864196,Fail,Medium Risk
879,Retail,2023-02-06 14:00:00,Mortgage,29.754845131882057,79.55651516292582,Pass,Medium Risk
880,Retail,2023-02-06 15:00:00,Loan,56.50219928590161,59.306794887667394,Pass,High Risk
881,Retail,2023-02-06 16:00:00,Investment,68.88853020500906,66.5782349533597,Pass,Medium Risk
882,Corporate,2023-02-06 17:00:00,Investment,87.33229158608077,92.75151008099675,Pass,Low Risk
883,Wealth Management,2023-02-06 18:00:00,Loan,63.629135397924806,60.35379046054276,Fail,Medium Risk
884,Investment Banking,2023-02-06 19:00:00,Loan,76.1121537043158,53.557914258671644,Pass,High Risk
885,Investment Banking,2023-02-06 20:00:00,Loan,16.0071634954573,53.45037963064082,Fail,High Risk
886,Retail,2023-02-06 21:00:00,Investment,46.15574744197899,97.03922602515539,Fail,Low Risk
887,Retail,2023-02-06 22:00:00,Investment,0.9331619827093296,75.34602189809173,Fail,Medium Risk
888,Corporate,2023-02-06 23:00:00,Mortgage,24.667886452162303,70.47060359085091,Pass,Medium Risk
889,Investment Banking,2023-02-07 00:00:00,Insurance,72.64617151130048,90.54392905039592,Pass,Low Risk
890,Retail,2023-02-07 01:00:00,Loan,99.18099513493634,91.79129639552579,Pass,Low Risk
891,Wealth Management,2023-02-07 02:00:00,Investment,9.917809958721591,66.60955165578022,Fail,Medium Risk
892,Wealth Management,2023-02-07 03:00:00,Investment,40.14943158612883,84.68090287368976,Pass,Low Risk
893,Retail,2023-02-07 04:00:00,Loan,80.00709686991596,88.55614079259433,Pass,Low Risk
894,Retail,2023-02-07 05:00:00,Insurance,20.403563462889885,82.73253434329773,Pass,Low Risk
895,Investment Banking,2023-02-07 06:00:00,Loan,55.50849493022862,57.57975374000497,Pass,High Risk
896,Investment Banking,2023-02-07 07:00:00,Insurance,73.30712960296748,93.79415417585285,Fail,Low Risk
897,Corporate,2023-02-07 08:00:00,Investment,61.5985450260179,76.95472763680044,Pass,Medium Risk
898,Investment Banking,2023-02-07 09:00:00,Insurance,18.802473461541613,64.12362131850018,Fail,Medium Risk
899,Wealth Management,2023-02-07 10:00:00,Mortgage,35.538456868573945,71.2614092718847,Pass,Medium Risk
900,Wealth Management,2023-02-07 11:00:00,Investment,78.37917844853972,51.87855451994537,Fail,High Risk
901,Retail,2023-02-07 12:00:00,Mortgage,55.42265141320166,56.39334006112088,Pass,High Risk
902,Investment Banking,2023-02-07 13:00:00,Loan,0.5229613542912737,88.27733752579304,Pass,Low Risk
903,Corporate,2023-02-07 14:00:00,Loan,76.09907600280938,50.00058173776831,Fail,High Risk
904,Wealth Management,2023-02-07 15:00:00,Loan,3.531135494023907,70.82829142411461,Pass,Medium Risk
905,Wealth Management,2023-02-07 16:00:00,Insurance,74.57337827312321,76.12550905427942,Fail,Medium Risk
906,Corporate,2023-02-07 17:00:00,Investment,20.24805601652374,52.731721000048616,Pass,High Risk
907,Corporate,2023-02-07 18:00:00,Loan,95.80734801193802,98.65390814861664,Pass,Low Risk
908,Wealth Management,2023-02-07 19:00:00,Loan,36.79407513020845,61.3062665624836,Pass,Medium Risk
909,Wealth Management,2023-02-07 20:00:00,Investment,32.69316163380791,65.20993598181404,Pass,Medium Risk
910,Corporate,2023-02-07 21:00:00,Loan,14.888805033244468,65.19712561275136,Pass,Medium Risk
911,Wealth Management,2023-02-07 22:00:00,Mortgage,30.560421549021488,61.520833105867496,Pass,Medium Risk
912,Retail,2023-02-07 23:00:00,Investment,87.66507618282006,50.07369110431557,Pass,High Risk
913,Retail,2023-02-08 00:00:00,Investment,99.63343376272474,86.46723970439982,Pass,Low Risk
914,Corporate,2023-02-08 01:00:00,Investment,36.83095305068483,98.34227498996427,Fail,Low Risk
915,Investment Banking,2023-02-08 02:00:00,Mortgage,44.861063095454256,61.21467416425225,Fail,Medium Risk
916,Corporate,2023-02-08 03:00:00,Investment,72.2070938202737,83.15235959017113,Pass,Low Risk
917,Corporate,2023-02-08 04:00:00,Mortgage,88.61957804650746,87.09481634793576,Pass,Low Risk
918,Investment Banking,2023-02-08 05:00:00,Investment,59.304433418678414,92.42126895452623,Pass,Low Risk
919,Investment Banking,2023-02-08 06:00:00,Insurance,39.15256981778293,71.13145985068046,Pass,Medium Risk
920,Investment Banking,2023-02-08 07:00:00,Loan,41.262184084862376,65.14654528202146,Fail,Medium Risk
921,Retail,2023-02-08 08:00:00,Insurance,69.56181464968068,66.26475670115155,Fail,Medium Risk
922,Wealth Management,2023-02-08 09:00:00,Loan,0.32182636042786816,85.63106665492563,Pass,Low Risk
923,Retail,2023-02-08 10:00:00,Mortgage,61.95893374598407,90.8389733252818,Fail,Low Risk
924,Wealth Management,2023-02-08 11:00:00,Insurance,35.54930104413574,59.08069838783013,Pass,High Risk
925,Retail,2023-02-08 12:00:00,Investment,79.41973312770843,68.54705040788826,Fail,Medium Risk
926,Wealth Management,2023-02-08 13:00:00,Loan,9.299063982313216,95.0970098374575,Pass,Low Risk
927,Retail,2023-02-08 14:00:00,Loan,58.82022669483905,90.33467598473696,Pass,Low Risk
928,Investment Banking,2023-02-08 15:00:00,Insurance,48.09728898861238,99.2429201381238,Pass,Low Risk
929,Corporate,2023-02-08 16:00:00,Mortgage,64.23255259052274,87.71241298410403,Pass,Low Risk
930,Retail,2023-02-08 17:00:00,Insurance,6.485359448296835,69.65976005139612,Pass,Medium Risk
931,Wealth Management,2023-02-08 18:00:00,Mortgage,57.99837874281313,79.53189169973189,Fail,Medium Risk
932,Investment Banking,2023-02-08 19:00:00,Mortgage,56.14845879595237,83.05071271236602,Pass,Low Risk
933,Retail,2023-02-08 20:00:00,Loan,56.06600944161709,53.922790815856196,Pass,High Risk
934,Retail,2023-02-08 21:00:00,Insurance,60.34876665964548,77.22484795519325,Pass,Medium Risk
935,Investment Banking,2023-02-08 22:00:00,Insurance,67.64679372263622,85.46604142363049,Pass,Low Risk
936,Retail,2023-02-08 23:00:00,Mortgage,80.49889996807697,58.366065200053015,Pass,High Risk
937,Corporate,2023-02-09 00:00:00,Insurance,26.982072012821433,89.03158587127785,Pass,Low Risk
938,Retail,2023-02-09 01:00:00,Investment,82.5049410180062,79.18863902570558,Pass,Medium Risk
939,Corporate,2023-02-09 02:00:00,Investment,49.82556822634536,97.61108928487974,Pass,Low Risk
940,Corporate,2023-02-09 03:00:00,Insurance,7.705827913433117,52.12111491034459,Pass,High Risk
941,Investment Banking,2023-02-09 04:00:00,Insurance,5.85509292439792,63.266306877773346,Fail,Medium Risk
942,Retail,2023-02-09 05:00:00,Mortgage,33.42383186960608,80.0776939649912,Fail,Low Risk
943,Investment Banking,2023-02-09 06:00:00,Investment,78.48969771114676,64.82799561029654,Pass,Medium Risk
944,Retail,2023-02-09 07:00:00,Investment,70.76809347409157,85.72120820356211,Pass,Low Risk
945,Retail,2023-02-09 08:00:00,Loan,78.86149646724064,87.95026412609656,Pass,Low Risk
946,Wealth Management,2023-02-09 09:00:00,Mortgage,51.72690564416094,55.125798203323725,Pass,High Risk
947,Retail,2023-02-09 10:00:00,Loan,44.01989979554906,75.69272321033839,Pass,Medium Risk
948,Investment Banking,2023-02-09 11:00:00,Investment,14.745252670628394,75.4445277795528,Pass,Medium Risk
949,Corporate,2023-02-09 12:00:00,Mortgage,32.81927536093116,68.46403851077706,Pass,Medium Risk
950,Retail,2023-02-09 13:00:00,Insurance,43.40193661738753,96.6462431284836,Pass,Low Risk
951,Wealth Management,2023-02-09 14:00:00,Mortgage,8.860042967961723,91.37531599366106,Pass,Low Risk
952,Investment Banking,2023-02-09 15:00:00,Insurance,22.061195271121125,84.86046909548185,Fail,Low Risk
953,Retail,2023-02-09 16:00:00,Insurance,59.82252940637388,85.71633178674988,Fail,Low Risk
954,Investment Banking,2023-02-09 17:00:00,Mortgage,73.56631142391899,73.08580719065596,Pass,Medium Risk
955,Wealth Management,2023-02-09 18:00:00,Insurance,99.83475113929497,96.0497260548288,Pass,Low Risk
956,Wealth Management,2023-02-09 19:00:00,Loan,93.31133313435576,84.72977136266427,Fail,Low Risk
957,Investment Banking,2023-02-09 20:00:00,Investment,64.25651995351916,86.44905308279081,Fail,Low Risk
958,Retail,2023-02-09 21:00:00,Insurance,42.1248053294072,93.08454518936726,Pass,Low Risk
959,Corporate,2023-02-09 22:00:00,Loan,63.617736470823274,63.70357946710955,Pass,Medium Risk
960,Wealth Management,2023-02-09 23:00:00,Insurance,78.56516180802319,90.35354519333515,Pass,Low Risk
961,Retail,2023-02-10 00:00:00,Investment,11.833619092338733,59.7620301478246,Pass,High Risk
962,Retail,2023-02-10 01:00:00,Loan,40.99048896962883,67.26709761224438,Pass,Medium Risk
963,Corporate,2023-02-10 02:00:00,Investment,83.98022856356172,66.78052271349213,Pass,Medium Risk
964,Wealth Management,2023-02-10 03:00:00,Investment,38.3832951933044,98.92627341945703,Pass,Low Risk
965,Wealth Management,2023-02-10 04:00:00,Loan,57.18722712271865,92.82686118739633,Pass,Low Risk
966,Retail,2023-02-10 05:00:00,Loan,58.77693608621982,85.05849307951298,Fail,Low Risk
967,Retail,2023-02-10 06:00:00,Loan,18.447625313363936,86.35283808076952,Pass,Low Risk
968,Corporate,2023-02-10 07:00:00,Mortgage,36.22354416522884,78.10363972012856,Pass,Medium Risk
969,Corporate,2023-02-10 08:00:00,Loan,33.451128874193216,97.35453335542596,Pass,Low Risk
970,Wealth Management,2023-02-10 09:00:00,Loan,2.6196708532064794,74.81293764411808,Pass,Medium Risk
971,Investment Banking,2023-02-10 10:00:00,Loan,2.4191763891355245,69.02588549349473,Fail,Medium Risk
972,Wealth Management,2023-02-10 11:00:00,Loan,83.16970436757735,58.15176684657955,Pass,High Risk
973,Retail,2023-02-10 12:00:00,Insurance,27.30708099728124,89.31028261305289,Pass,Low Risk
974,Wealth Management,2023-02-10 13:00:00,Mortgage,51.80787662388154,86.72219660377957,Pass,Low Risk
975,Investment Banking,2023-02-10 14:00:00,Investment,29.872557358877305,69.21775192620674,Pass,Medium Risk
976,Corporate,2023-02-10 15:00:00,Loan,94.06792451153404,51.25967069796147,Fail,High Risk
977,Investment Banking,2023-02-10 16:00:00,Insurance,25.929675886577375,91.94986638590053,Pass,Low Risk
978,Investment Banking,2023-02-10 17:00:00,Insurance,42.96568127389351,50.57089917270368,Pass,High Risk
979,Investment Banking,2023-02-10 18:00:00,Insurance,87.27302504846018,85.18498898145255,Pass,Low Risk
980,Corporate,2023-02-10 19:00:00,Investment,84.19335667918087,98.51285548630285,Pass,Low Risk
981,Investment Banking,2023-02-10 20:00:00,Loan,18.610141784627732,71.88306640741017,Fail,Medium Risk
982,Investment Banking,2023-02-10 21:00:00,Mortgage,80.26433097957104,61.74867024979764,Fail,Medium Risk
983,Investment Banking,2023-02-10 22:00:00,Mortgage,45.81868867378927,85.24355050216909,Pass,Low Risk
984,Retail,2023-02-10 23:00:00,Insurance,48.29688720853552,90.85640710077925,Pass,Low Risk
985,Investment Banking,2023-02-11 00:00:00,Investment,13.347997241594378,77.32151580389237,Fail,Medium Risk
986,Corporate,2023-02-11 01:00:00,Investment,8.060151375712465,98.35176376280731,Fail,Low Risk
987,Investment Banking,2023-02-11 02:00:00,Investment,72.79393069737652,52.583436082898054,Pass,High Risk
988,Investment Banking,2023-02-11 03:00:00,Mortgage,49.646115235529976,75.2397799152264,Pass,Medium Risk
989,Corporate,2023-02-11 04:00:00,Insurance,43.68507026151796,85.9226973661275,Pass,Low Risk
990,Investment Banking,2023-02-11 05:00:00,Loan,72.95082286523967,93.13202355745895,Fail,Low Risk
991,Corporate,2023-02-11 06:00:00,Mortgage,76.55128989911097,58.9627805953895,Pass,High Risk
992,Investment Banking,2023-02-11 07:00:00,Insurance,15.890816766935355,90.00017408818407,Pass,Low Risk
993,Corporate,2023-02-11 08:00:00,Insurance,61.02251494776413,77.63535378592726,Fail,Medium Risk
994,Investment Banking,2023-02-11 09:00:00,Loan,13.535408227768553,69.82768409949816,Pass,Medium Risk
995,Investment Banking,2023-02-11 10:00:00,Loan,75.13750860290457,56.58575142895468,Pass,High Risk
996,Retail,2023-02-11 11:00:00,Loan,65.69551562671396,93.26478794544562,Pass,Low Risk
997,Retail,2023-02-11 12:00:00,Investment,95.6614621083458,57.863660408985766,Pass,High Risk
998,Investment Banking,2023-02-11 13:00:00,Loan,6.895801635642118,65.48939296045496,Pass,Medium Risk
999,Investment Banking,2023-02-11 14:00:00,Insurance,5.705472115125431,64.50227659812184,Pass,Medium Risk
1000,Wealth Management,2023-02-11 15:00:00,Loan,28.218707469320016,93.57070170954272,Pass,Low Risk
